EngineeringCourseBranch,StandardizedBranch
Cs,Computer Engineering
Computer science,Computer Engineering
Computer Engineering ,Computer Engineering
Computer engineering ,Computer Engineering
Computer Engineering ,Computer Engineering
Computer Engineering ,Computer Engineering
Computer engineering ,Computer Engineering
Computer ,Computer Engineering
COMPUTER ENGINEERING ,Computer Engineering
Computer engineering ,Computer Engineering
CSE,Computer Engineering
Computer engineering ,Computer Engineering
Computer Engineering ,Computer Engineering
Computer engineering ,Computer Engineering
Computer engineering ,Computer Engineering
Computer Engineering ,Computer Engineering
Computer Engineering,Computer Engineering
Computer engineering ,Computer Engineering
Computer Engineering ,Computer Engineering
Computer Engineering ,Computer Engineering
Computer engineering ,Computer Engineering
Computer engineering ,Computer Engineering
Computer Engineering ,Computer Engineering
Computer Engineering ,Computer Engineering
Computer Engineering,Computer Engineering
Computer Engineering ,Computer Engineering
COMPUTER ENGINEERING,Computer Engineering
Computer engineering ,Computer Engineering
Computer Engineering ,Computer Engineering
Computer,Computer Engineering
Computer engineering ,Computer Engineering
Computer Engineering ,Computer Engineering
Computer Engineering ,Computer Engineering
Computer Enginnering,Computer Engineering
Computer Engineering ,Computer Engineering
Computer Engineering,Computer Engineering
Computer Engineering ,Computer Engineering
Computer ,Computer Engineering
Computer Engineering,Computer Engineering
Computer Engineering ,Computer Engineering
Computer Engineering ,Computer Engineering
B.E. in Computer Engineering,Computer Engineering
Computer engineering ,Computer Engineering
Computer Engineering,Computer Engineering
Computer science engineering ,Computer Engineering
Computer engineering ,Computer Engineering
Computer,Computer Engineering
Computer Engineering ,Computer Engineering
Computer engineering,Computer Engineering
Computer engineering ,Computer Engineering
Computer engineering ,Computer Engineering
Computer engineering ,Computer Engineering
Computer science,Computer Engineering
Computer ,Computer Engineering
Computer science,Computer Engineering
Computer Engineering ,Computer Engineering
Computer Engineering ,Computer Engineering
Computer engeneering,Computer Engineering
Computer ,Computer Engineering
Computer Engineering ,Computer Engineering
Computer Engineering ,Computer Engineering
Computer ,Computer Engineering
Computer engineering ,Computer Engineering
Computer science,Computer Engineering
Computer Engineering ,Computer Engineering
Computer Engg,Computer Engineering
Computer Engineering ,Computer Engineering
BE in computer engineering ,Computer Engineering
Computer engineering ,Computer Engineering
Computer engineering ,Computer Engineering
Computer engineering,Computer Engineering
Computer Engineering ,Computer Engineering
Computer ,Computer Engineering
Computer Engineering ,Computer Engineering
Computer,Computer Engineering
Computer,Computer Engineering
Computer ,Computer Engineering
Computer Science ,Computer Engineering
Computer science ,Computer Engineering
Second year of BE Computer Engineering,Computer Engineering
Computer ,Computer Engineering
Computer engineering ,Computer Engineering
Computer Engineering ,Computer Engineering
Computer engineering ,Computer Engineering
Computer Engineering ,Computer Engineering
Computer Engineering ,Computer Engineering
Computer engineering ,Computer Engineering
Computer Engineering ,Computer Engineering
Computer ,Computer Engineering
Computer Engineering,Computer Engineering
Computer engineering ,Computer Engineering
Computer engineering,Computer Engineering
Computer ,Computer Engineering
Computer Engineering ,Computer Engineering
Comp,Computer Engineering
Computer engineering ,Computer Engineering
Conputer engineering ,Conputer engineering
Computer Engineering ,Computer Engineering
Computer Engineering,Computer Engineering
Computer Engineering ,Computer Engineering
Computer engg,Computer Engineering
Computer,Computer Engineering
Computer Engineering ,Computer Engineering
Computer engineering ,Computer Engineering
Computer Engineering ,Computer Engineering
Computer,Computer Engineering
Computer Engineering,Computer Engineering
Computer ,Computer Engineering
Computer engineering ,Computer Engineering
Computer Engineering ,Computer Engineering
Computer science ,Computer Engineering
Computer,Computer Engineering
B.E. Computer Engineering ,Computer Engineering
Computer Engineering ,Computer Engineering
Computer engineering ,Computer Engineering
Computer Engineering ,Computer Engineering
Computer Engineering,Computer Engineering
Computer Engineering ,Computer Engineering
Computer ,Computer Engineering
Computer Engineering ,Computer Engineering
Computer Engineering ,Computer Engineering
BE Computer Engg,Computer Engineering
Computer Engineering,Computer Engineering
Computer Engg,Computer Engineering
B.E.(Computer Engineering),Computer Engineering
Computer Engineering ,Computer Engineering
Computer engineering ,Computer Engineering
Computer ,Computer Engineering
Computer Engineering ,Computer Engineering
Computer engineering ,Computer Engineering
Computer engineering ,Computer Engineering
Computer Engineering,Computer Engineering
Computer Engineering,Computer Engineering
Computer,Computer Engineering
Computer Engineering ,Computer Engineering
Computer ,Computer Engineering
Computer science ,Computer Engineering
Computer Engineering ,Computer Engineering
Computer Engineering ,Computer Engineering
Mechanical ,Mechanical Engineering
Mechanical,Mechanical Engineering
Mechanical Sandwich ,Mechanical Engineering
Mechanical ,Mechanical Engineering
Mechanical z,Mechanical Engineering
Mechanical ,Mechanical Engineering
Mechanical Engineering ,Mechanical Engineering
Mechanical ,Mechanical Engineering
Mechanical engineering ,Mechanical Engineering
Mechanical engineering ,Mechanical Engineering
Mechanical Engineering ,Mechanical Engineering
Mechanical (Sandwich) Engineering ,Mechanical Engineering
Mechanical Engineering ,Mechanical Engineering
BE.Mechanical ,Mechanical Engineering
Mechanical engineering ,Mechanical Engineering
Mechanical Engineering ,Mechanical Engineering
Mechanical ,Mechanical Engineering
Mechanical SW engineering ,Mechanical Engineering
Mechanical sandwich ,Mechanical Engineering
Mechanical ,Mechanical Engineering
Mechanical engineering sandwich ,Mechanical Engineering
Mechanical Sandwich Engineering ,Mechanical Engineering
Mechanical ,Mechanical Engineering
Mechanical engineering ,Mechanical Engineering
Mechanical Sandwich ,Mechanical Engineering
Mechanical engineering ,Mechanical Engineering
ENTC,Electronics and Telecommunication Engineering
Mechanical ,Mechanical Engineering
Mechanical Sandwich Engineering ,Mechanical Engineering
Mechanical engineering ,Mechanical Engineering
E&TC,Electronics and Telecommunication Engineering
Mech Sand ,Mechanical Engineering
Mechanical ,Mechanical Engineering
Mechanical engineering ,Mechanical Engineering
Mechanical Engineering ,Mechanical Engineering
E&TC,Electronics and Telecommunication Engineering
Mechanical Engineering ,Mechanical Engineering
Electronic and telecommunications ,Electronics and Telecommunication Engineering
VLSI Design and Technology,Electronics and Telecommunication Engineering
Electronics (vlsi design),Electronics and Telecommunication Engineering
Electronics and Telecommunication ,Electronics and Telecommunication Engineering
E&TC,Electronics and Telecommunication Engineering
Mechanical Engineering,Mechanical Engineering
Entc,Electronics and Telecommunication Engineering
E&TC,Electronics and Telecommunication Engineering
Electronics and Telecommunications Engineering ,Electronics and Telecommunication Engineering
Mechanical engineering ,Mechanical Engineering
Mechanical engineering sandwich ,Mechanical Engineering
Electronics and telecommunication ,Electronics and Telecommunication Engineering
Entc,Electronics and Telecommunication Engineering
entc,Electronics and Telecommunication Engineering
Mechanical engineering ,Mechanical Engineering
Mechanical Engineering ,Mechanical Engineering
Entc,Electronics and Telecommunication Engineering
Electronic and Telecommunication ,Electronics and Telecommunication Engineering
Electronic and Telecommunication Engineering ,Electronics and Telecommunication Engineering
Electronics and telecommunication ,Electronics and Telecommunication Engineering
Electronics VLSI Design and Technology ,Electronics and Telecommunication Engineering
Mechanical,Mechanical Engineering
Electronics VLSI Design And Technology ,Electronics and Telecommunication Engineering
Electronic and telecommunication ,Electronics and Telecommunication Engineering
VLSI ENGINEERING ,Electronics and Telecommunication Engineering
VLSI ,Electronics and Telecommunication Engineering
Mechanical engineering sandwich,Mechanical Engineering
VLSI Design And Technology ,Electronics and Telecommunication Engineering
VLSI design and technology ,Electronics and Telecommunication Engineering
Mechanical Engineering ,Mechanical Engineering
Electronics(vlsi) ,Electronics and Telecommunication Engineering
BE Mechanical (DSE),Mechanical Engineering
Electronics( VLSI Design and Technology),Electronics and Telecommunication Engineering
Entc,Electronics and Telecommunication Engineering
Electronics and telecommunication ,Electronics and Telecommunication Engineering
e&tc,Electronics and Telecommunication Engineering
Electronic ( VLSI design and tech ) engg.,Electronics and Telecommunication Engineering
Mechanical engineering,Mechanical Engineering
Mechanical engineering ,Mechanical Engineering
Mechanical,Mechanical Engineering
Electronics Engineering (VLSI Design and Technology),Electronics and Telecommunication Engineering
Mechanical,Mechanical Engineering
Electronics and telecommunication ,Electronics and Telecommunication Engineering
Mechanical engineering ,Mechanical Engineering
Mechanical Engineering ,Mechanical Engineering
Mechanical Engineering ,Mechanical Engineering
Mechanical ,Mechanical Engineering
Mechanical,Mechanical Engineering
Electronic and telecommunications ,Electronics and Telecommunication Engineering
electronics and telecommunication,Electronics and Telecommunication Engineering
Vlsi design and technology ,Electronics and Telecommunication Engineering
Electronic engineering vlsi,Electronics and Telecommunication Engineering
Mechanical engineering ,Mechanical Engineering
Electronics VLSI Design and Technology ,Electronics and Telecommunication Engineering
Electronics (VLSI Design and Technology),Electronics and Telecommunication Engineering
Mechanical ,Mechanical Engineering
Mechanical Sandwich Engineering ,Mechanical Engineering
Mechanical sandwich ,Mechanical Engineering
Electronics and telecommunication ,Electronics and Telecommunication Engineering
Mechanical,Mechanical Engineering
Mechanical ,Mechanical Engineering
Mechanical Engineering,Mechanical Engineering
Electronics Vlsi,Electronics and Telecommunication Engineering
Electronics and telecommunication ,Electronics and Telecommunication Engineering
Mechanical engineering ,Mechanical Engineering
Electronics and telecommunication ,Electronics and Telecommunication Engineering
VLSI DESIGN AND TECHNOLOGY (ENTC),Electronics and Telecommunication Engineering
Mechanical Engineering ,Mechanical Engineering
Mechanical Engineering(DSY) ,Mechanical Engineering
Mechanical Engineering ,Mechanical Engineering
E&TC ,Electronics and Telecommunication Engineering
Mechanical,Mechanical Engineering
Mechanical Sandwich Engineering,Mechanical Engineering
Mechanical engineering AISSMS-COE,Artificial Intelligence and Data Science
Electronics and telecommunication ,Electronics and Telecommunication Engineering
EnTC,Electronics and Telecommunication Engineering
VLSI,Electronics and Telecommunication Engineering
Electronics and Telecommunication ,Electronics and Telecommunication Engineering
Electronics and telecommunication,Electronics and Telecommunication Engineering
Mecchnical engineering ,Mecchnical engineering
Electronics and telecommunication engineering ,Electronics and Telecommunication Engineering
Civil,Civil Engineering
Electronics (vlsi and design),Electronics and Telecommunication Engineering
Civil,Civil Engineering
Civil engineering,Civil Engineering
Civil ,Civil Engineering
Civil engineering ,Civil Engineering
Civil engineering ,Civil Engineering
Computer engineering ,Computer Engineering
Artificial Intelligence and Data Science ,Artificial Intelligence and Data Science
Artificial intelligence and data science ,Artificial Intelligence and Data Science
AI&DS,Artificial Intelligence and Data Science
Engg.Computer science ,Computer Engineering
Civil Engineering ,Civil Engineering
Computer engineering ,Computer Engineering
Computer Engineering ,Computer Engineering
Computer ,Computer Engineering
Computer ,Computer Engineering
Mechanical Engineering ,Mechanical Engineering
AIML,Artificial Intelligence and Data Science
Computer Engineering ,Computer Engineering
Computer ,Computer Engineering
Computer Engineering ,Computer Engineering
Computer engineering ,Computer Engineering
Computer engineering ,Computer Engineering
Artificial intelligence and machine learning ,Artificial Intelligence and Data Science
Computer Engineering ,Computer Engineering
Computer Engineering ,Computer Engineering
Computer Engineering ,Computer Engineering
Artificial Intelligence and Machine Learning ,Artificial Intelligence and Data Science
AIML,Artificial Intelligence and Data Science
Computer ,Computer Engineering
Computer Engineering ,Computer Engineering
Civil engineering ,Civil Engineering
Artificial Intelligence and Machine learning ,Artificial Intelligence and Data Science
Civil ,Civil Engineering
Electronics and telecommunications engineering ,Electronics and Telecommunication Engineering
Computer Engineering ,Computer Engineering
Computer,Computer Engineering
Artificial intelligence and data science ,Artificial Intelligence and Data Science
Computer Engineering ,Computer Engineering
Computer Engineering ,Computer Engineering
Computer Engineering ,Computer Engineering
Computer engineering ,Computer Engineering
Artificial Intelligence and Data Science,Artificial Intelligence and Data Science
Computer ,Computer Engineering
Artificial intelligence and Data science ,Artificial Intelligence and Data Science
Artificial intelligence and Data science ,Artificial Intelligence and Data Science
Computer Engineering ,Computer Engineering
Computer,Computer Engineering
Artificial intelligence and data science ,Artificial Intelligence and Data Science
AIML,Artificial Intelligence and Data Science
Aiml,Artificial Intelligence and Data Science
Mechanical ,Mechanical Engineering
Mechanical ,Mechanical Engineering
Computer engineering ,Computer Engineering
Computer science Engineering ,Computer Engineering
AIML,Artificial Intelligence and Data Science
Artificial intelligence and Data science ,Artificial Intelligence and Data Science
Computer Engineering ,Computer Engineering
Electronics (VLSI design and technology),Electronics and Telecommunication Engineering
Artificial intelligence and data science ,Artificial Intelligence and Data Science
Mechanical Engineering ,Mechanical Engineering
Mechanical,Mechanical Engineering
Mechanical Engineering ,Mechanical Engineering
ELECTRONICS,Electronics and Telecommunication Engineering
Computer engineering ,Computer Engineering
Mechanical Engineering,Mechanical Engineering
Mechanical ,Mechanical Engineering
Mechanical Engineering ,Mechanical Engineering
Mechanical Engineering,Mechanical Engineering
Mechanical engineering ,Mechanical Engineering
Artificial intelligence and Data science ,Artificial Intelligence and Data Science
Aids,Artificial Intelligence and Data Science
Mechanical Engineering ,Mechanical Engineering
Artificial intelligence and data science ,Artificial Intelligence and Data Science
BE Mechanical ,Mechanical Engineering
Computer ,Computer Engineering
Artificial Intelligence and Data Science ,Artificial Intelligence and Data Science
Computer engineering ,Computer Engineering
Mechanical engineering ,Mechanical Engineering
Artificial intelligence and data science ,Artificial Intelligence and Data Science
Mechanical engineering ,Mechanical Engineering
Artificial intelligence & Data Science ,Artificial Intelligence and Data Science
Computer Engineering ,Computer Engineering
Cs,Computer Engineering
Comp,Computer Engineering
Artificial intelligence and data science ,Artificial Intelligence and Data Science
Civil engineering ,Civil Engineering
Computer ,Computer Engineering
Ai&ds,Artificial Intelligence and Data Science
Artificial intelligence and Data science ,Artificial Intelligence and Data Science
Computer Engineering ,Computer Engineering
VLSI,Electronics and Telecommunication Engineering
Mechanical ,Mechanical Engineering
artificial intelligence and data science,Artificial Intelligence and Data Science
Computer ,Computer Engineering
Electronics and Telecommunication ,Electronics and Telecommunication Engineering
Mechenical,Mechenical
Aiml,Artificial Intelligence and Data Science
Mechanical engineering ,Mechanical Engineering
Computer ,Computer Engineering
Civil engineering ,Civil Engineering
Mechanical Engineering,Mechanical Engineering
AIML,Artificial Intelligence and Data Science
Computer Engineering ,Computer Engineering
Mechanical engineering ,Mechanical Engineering
Computer Engineering ,Computer Engineering
CS,Computer Engineering
Artificial Intelligence & Data Science ,Artificial Intelligence and Data Science
Artificial intelligence and data science ,Artificial Intelligence and Data Science
Computer ,Computer Engineering
Computer engineering ,Computer Engineering
AI&ML,Artificial Intelligence and Data Science
Computer engineering ,Computer Engineering
It,Information Technology
Computer Engineering ,Computer Engineering
IT,Information Technology
Information technology ,Information Technology
Information Technology,Information Technology
Mechanical ,Mechanical Engineering
Information Technology ,Information Technology
information technology,Information Technology
Mechanical Sandwich,Mechanical Engineering
Computer Engineering ,Computer Engineering
Information technology ,Information Technology
Information technology ,Information Technology
Information technology ,Information Technology
Information Technology ,Information Technology
Computer,Computer Engineering
Airtificial Intelligence and Data Science ,Artificial Intelligence and Data Science
Computer science ,Computer Engineering
IT Engineering ,Information Technology
AIML,Artificial Intelligence and Data Science
Computer,Computer Engineering
Mechanical ,Mechanical Engineering
Artificial intelligence and data science ,Artificial Intelligence and Data Science
INFORMATION TECHNOLOGY,Information Technology
Information Technology ,Information Technology
Information technology ,Information Technology
IT Engineering ,Information Technology
Information technology ,Information Technology
Information Technology ,Information Technology
IT engineering,Information Technology
IT,Information Technology
Information technology ,Information Technology
Information technology ,Information Technology
Computer Engineering ,Computer Engineering
Information Technology ,Information Technology
Information Technology ,Information Technology
Information Technology ,Information Technology
Information Technology ,Information Technology
IT,Information Technology
Mechanical ,Mechanical Engineering
Information technology ,Information Technology
CS,Computer Engineering
IT,Information Technology
computer engineering ,Computer Engineering
IT,Information Technology
IT,Information Technology
Information Technology ,Information Technology
Information Technology ,Information Technology
Information Technology ,Information Technology
Information technology ,Information Technology
BE Mechanical Engineering ,Mechanical Engineering
It,Information Technology
Artificial intelligence and data science ,Artificial Intelligence and Data Science
Computer ,Computer Engineering
TE Mechanical,Mechanical Engineering
IT,Information Technology
Computer Science ,Computer Engineering
Artificial Intelligence and Data Science,Artificial Intelligence and Data Science
Computer engineering ,Computer Engineering
Information Technology,Information Technology
Information Technology,Information Technology
Mechanical ,Mechanical Engineering
Artificial intelligence and Machine learning ,Artificial Intelligence and Data Science
Information Technology ,Information Technology
Artificial intelligence and data science (Ai&Ds),Artificial Intelligence and Data Science
IT,Information Technology
Computer Engineering ,Computer Engineering
Artificial intelligence and data science ,Artificial Intelligence and Data Science
Artificial intelligence and data science ,Artificial Intelligence and Data Science
AIDS ,Artificial Intelligence and Data Science
Computer engineering ,Computer Engineering
COMPUTER ENGINEERING ,Computer Engineering
Electronic and telecommunications ,Electronics and Telecommunication Engineering
Mechanical ,Mechanical Engineering
MECH,Mechanical Engineering
Computer engineering ,Computer Engineering
IT,Information Technology
Information technology ,Information Technology
Mechanical ,Mechanical Engineering
Information Technology ,Information Technology
IT,Information Technology
Computer Engineering,Computer Engineering
Mechanical Sandwich,Mechanical Engineering
Information Technology ,Information Technology
Mechanical ,Mechanical Engineering
Information technology ,Information Technology
Information Technology ,Information Technology
Artificial intelligence and data science ,Artificial Intelligence and Data Science
AI & DS,Artificial Intelligence and Data Science
Mechanical engineering ,Mechanical Engineering
Ai and ds,Artificial Intelligence and Data Science
Artificial Intelligence and Data Science ,Artificial Intelligence and Data Science
BE(IT),Information Technology
Mechanical Engg.,Mechanical Engineering
B Tech Information Technology,Information Technology
Information technology ,Information Technology
mechanical enginnering,Mechanical Engineering
Electronics and telecommunication ,Electronics and Telecommunication Engineering
Artificial intelligence and Data science ,Artificial Intelligence and Data Science
Artificial intelligence and data science ,Artificial Intelligence and Data Science
Artificial intelligence and data science ,Artificial Intelligence and Data Science
Mechanical ,Mechanical Engineering
AIDS,Artificial Intelligence and Data Science
Computer ,Computer Engineering
Electronic and telecommunications ,Electronics and Telecommunication Engineering
Mechanical engineering ,Mechanical Engineering
Information Technology Engineering,Information Technology
Information technology ,Information Technology
IT ,Information Technology
Information technology ,Information Technology
Mechanical engineering ,Mechanical Engineering
AIDS ,Artificial Intelligence and Data Science
Computer,Computer Engineering
Mechanical Engineering Sandwich ,Mechanical Engineering
Artificial intelligence and data science ,Artificial Intelligence and Data Science
Mechanical ,Mechanical Engineering
Information Technology ,Information Technology
Electronics and Telecommunication Engineering ,Electronics and Telecommunication Engineering
Mechanical ,Mechanical Engineering
Comp,Computer Engineering
Mechanical ,Mechanical Engineering
AI&DS,Artificial Intelligence and Data Science
Artificial intelligence ,Artificial intelligence
Information Technology,Information Technology
AIML,Artificial Intelligence and Data Science
Information Technology ,Information Technology
Civil ,Civil Engineering
Civil engineering ,Civil Engineering
Computer ,Computer Engineering
Computer,Computer Engineering
Mechanical engineering ,Mechanical Engineering
Mechanical engineering,Mechanical Engineering
Information technology ,Information Technology
Computer Engineering ,Computer Engineering
Computer engineering ,Computer Engineering
Computer Engineering ,Computer Engineering
Computer ,Computer Engineering
MECHANICAL ENGINEERING ,Mechanical Engineering
Information technology,Information Technology
Artificial intelligence and data science engineering ,Artificial Intelligence and Data Science
MECHANICAL ENGINEERING ,Mechanical Engineering
Computer science ,Computer Engineering
Computer Engineering,Computer Engineering
Information Technology ,Information Technology
AIML a,Artificial Intelligence and Data Science
Information Technology ,Information Technology
Computer Science,Computer Engineering
Mechanical Engineering Sandwich ,Mechanical Engineering
Computer Engineering ,Computer Engineering
Artificial intelligence and data science (AIDS),Artificial Intelligence and Data Science
Computer Engineering,Computer Engineering
Artificial intelligence and data science ,Artificial Intelligence and Data Science
Computer engineering ,Computer Engineering
Mechanical Engineering ,Mechanical Engineering
Computer engineering ,Computer Engineering
Mechanical ,Mechanical Engineering
Mechanical Engineering ,Mechanical Engineering
Computer Engineering ,Computer Engineering
Mechanical ,Mechanical Engineering
Mechanical Engineering ,Mechanical Engineering
Mechanical engineering ,Mechanical Engineering
Mechanical engineering ,Mechanical Engineering
Electronic VLSI ,Electronics and Telecommunication Engineering
Mechanical engineering ,Mechanical Engineering
Mechanical ,Mechanical Engineering
Mechanical engineering ,Mechanical Engineering
Mechanical engineering ,Mechanical Engineering
Mechanical engineering ,Mechanical Engineering
Mechanical engineering ,Mechanical Engineering
Computer engineering ,Computer Engineering
Mechanical Engineering ,Mechanical Engineering
Mech,Mechanical Engineering
Mechanical ,Mechanical Engineering
Mechanical ,Mechanical Engineering
Computer ,Computer Engineering
Mechanical engineering ,Mechanical Engineering
Mechanical ,Mechanical Engineering
Mechanical sandwich ,Mechanical Engineering
Mechanical Engineering,Mechanical Engineering
Computer science ,Computer Engineering
Mechanical engineering ,Mechanical Engineering
Mechanical ,Mechanical Engineering
Electronics engineering,Electronics and Telecommunication Engineering
Mechanical Engineering ,Mechanical Engineering
Artificial intelligence and data science ,Artificial Intelligence and Data Science
Computer ,Computer Engineering
Mechanical,Mechanical Engineering
Information Technology (IT),Information Technology
Electronics & Telecommunications,Electronics and Telecommunication Engineering
Mechanical Engineering ,Mechanical Engineering
Mechanical,Mechanical Engineering
Electronics and telecommunication ,Electronics and Telecommunication Engineering
Mechanical engineering ,Mechanical Engineering
Computer Engineering ,Computer Engineering
Computer engineering ,Computer Engineering
Mechanical ,Mechanical Engineering
Mechanical ,Mechanical Engineering
Mechanical Engineering ,Mechanical Engineering
Mechanical ,Mechanical Engineering
Information technology ,Information Technology
Artificial intelligence and Data science ,Artificial Intelligence and Data Science
Mechanical engineering ,Mechanical Engineering
Mechanical Engineering ,Mechanical Engineering
Mechanical sandwich ,Mechanical Engineering
ENTC,Electronics and Telecommunication Engineering
Aids,Artificial Intelligence and Data Science
Electronics and telecommunication ,Electronics and Telecommunication Engineering
Electronics VLSI,Electronics and Telecommunication Engineering
Electronic vlsi design and technology ,Electronics and Telecommunication Engineering
Mechanical engineering ,Mechanical Engineering
Mechanical ,Mechanical Engineering
Artificial intelligence and data science,Artificial Intelligence and Data Science
Electrical engineering ,Electrical Engineering
Electrical engineering ,Electrical Engineering
Electrical engineering ,Electrical Engineering
Electrical ,Electrical Engineering
Electrical ,Electrical Engineering
Electrical ,Electrical Engineering
Electrical Engineering ,Electrical Engineering
Electrical Engineering ,Electrical Engineering
Electrical,Electrical Engineering
ELECTRICAL ENGINEERING ,Electrical Engineering
Electrical ,Electrical Engineering
Electrical,Electrical Engineering
Electrical engineering ,Electrical Engineering
Electrical engineering,Electrical Engineering
Electrical engineering ,Electrical Engineering
Electrical engineering ,Electrical Engineering
Electrical engineering ,Electrical Engineering
Electrical ,Electrical Engineering
Electrical ,Electrical Engineering
Electrical Engineering,Electrical Engineering
Electrical Engineering ,Electrical Engineering
Electrical ,Electrical Engineering
ELECTRICAL ,Electrical Engineering
Electrical ,Electrical Engineering
Electrical,Electrical Engineering
Electrical engineering ,Electrical Engineering
Electrical Engineering ,Electrical Engineering
Electrical Engineering ,Electrical Engineering
Electrical Engineering,Electrical Engineering
Electrical Engineering ,Electrical Engineering
Electrical Engineering,Electrical Engineering
Electrical engineering ,Electrical Engineering
Electrical,Electrical Engineering
Electrical Engineering ,Electrical Engineering
Electrical,Electrical Engineering
Electrical ,Electrical Engineering
Electrical engineering ,Electrical Engineering
Electrical engineering,Electrical Engineering
Electrical ,Electrical Engineering
Electrical ,Electrical Engineering
Electrical ,Electrical Engineering
Electrical engineering ,Electrical Engineering
Electrical Engineering ,Electrical Engineering
Electrical ,Electrical Engineering
Electrical ,Electrical Engineering
Electrical,Electrical Engineering
Electrical engineering ,Electrical Engineering
Electrical engineering ,Electrical Engineering
Electrical engineering ,Electrical Engineering
Electrical Branch ,Electrical Engineering
Electrical Engineering,Electrical Engineering
Electrical,Electrical Engineering
Electrical ,Electrical Engineering
Electrical ,Electrical Engineering
Electrical ,Electrical Engineering
Electronics and telecommunication,Electronics and Telecommunication Engineering
Electrical engineering,Electrical Engineering
Electrical engineering ,Electrical Engineering
Electrical ,Electrical Engineering
Electrical,Electrical Engineering
Electrical engineering ,Electrical Engineering
Electrical ,Electrical Engineering
Electrical ,Electrical Engineering
Electrical Engineering ,Electrical Engineering
Electrical Engineering ,Electrical Engineering
Electrical ,Electrical Engineering
ELECTRICAL ENGINEERING,Electrical Engineering
Electrical engineering ,Electrical Engineering
Electrical engineering ,Electrical Engineering
Electrical engineering ,Electrical Engineering
ELECTRICAL ,Electrical Engineering
Electrical Engineering ,Electrical Engineering
Electrical,Electrical Engineering
Electrical Engineering ,Electrical Engineering
Computer Science Engineering,Computer Engineering
Artificial intelligence and machine learning (AIML),Artificial Intelligence and Data Science
Electrical ,Electrical Engineering
ELECTRICAL ,Electrical Engineering
Electrical Engineering,Electrical Engineering
Electrical engineering,Electrical Engineering
Electrical engineering ,Electrical Engineering
Electrical Engineering ,Electrical Engineering
Electrical Engineering ,Electrical Engineering
Electrical Engineering ,Electrical Engineering
Electrical ,Electrical Engineering
Electrical ,Electrical Engineering
Electrical,Electrical Engineering
Electrical Engineering,Electrical Engineering
Electrical ,Electrical Engineering
Electrical ,Electrical Engineering
Electrical Engineering ,Electrical Engineering
Computer ,Computer Engineering
Mechanical Sandwich ,Mechanical Engineering
Electrical ,Electrical Engineering
Electrical ,Electrical Engineering
Computer Engineering ,Computer Engineering
Computer engineering ,Computer Engineering
Computer engineering ,Computer Engineering
Computer Engineering ,Computer Engineering
Computer Engineering ,Computer Engineering
Computer engineering ,Computer Engineering
Computer Engineering,Computer Engineering
Computer Engineering ,Computer Engineering
Computer Engineer ,Computer Engineering
Computer engineering ,Computer Engineering
Computer science ,Computer Engineering
Computer ,Computer Engineering
Computer Engineering ,Computer Engineering
Computer Engineering,Computer Engineering
Computer Engineering ,Computer Engineering
Computer Engineering ,Computer Engineering
Computer engineering ,Computer Engineering
Computer Science ,Computer Engineering
Computer Science,Computer Engineering
Computer science,Computer Engineering
Computer engineering ,Computer Engineering
Computer Engineering ,Computer Engineering
Computer Engineering ,Computer Engineering
Computer Engineering ,Computer Engineering
Computer Engineering ,Computer Engineering
Computer ,Computer Engineering
Computer Engineering,Computer Engineering
Computer Engineering ,Computer Engineering
Computer Engineering ,Computer Engineering
Computer engineering ,Computer Engineering
Computer engineering ,Computer Engineering
Computer ,Computer Engineering
Computer Engineering ,Computer Engineering
Computer Engineering ,Computer Engineering
Computer,Computer Engineering
Computer ,Computer Engineering
Computer engineering ,Computer Engineering
Computer engineering ,Computer Engineering
Computer,Computer Engineering
Computer Engineering,Computer Engineering
Computer ,Computer Engineering
Computer ,Computer Engineering
Computer engineering ,Computer Engineering
Computer engg,Computer Engineering
Computer Engineering ,Computer Engineering
Computer ,Computer Engineering
Computer Engineering ,Computer Engineering
Computer Science ,Computer Engineering
TE computer engineering,Computer Engineering
Computer ,Computer Engineering
Computer Engineering ,Computer Engineering
Computer Engineering ,Computer Engineering
Computer ,Computer Engineering
Electrical Engineering ,Electrical Engineering
Computer engineering,Computer Engineering
Computer engineering ,Computer Engineering
Computer Engineering ,Computer Engineering
Computer Engineering ,Computer Engineering
Computer engineering ,Computer Engineering
Computer Engineering ,Computer Engineering
Computer Engineering ,Computer Engineering
Computer ,Computer Engineering
Computer ,Computer Engineering
Computer Engineering ,Computer Engineering
Computer ,Computer Engineering
Computer Engineering ,Computer Engineering
Computer Engineering ,Computer Engineering
Computer Engineering,Computer Engineering
Computer engineering ,Computer Engineering
Computer ,Computer Engineering
Mechanical Engineering,Mechanical Engineering
Computer science ,Computer Engineering
computer engineering,Computer Engineering
Computer engineering ,Computer Engineering
Computer Engineering ,Computer Engineering
Computer,Computer Engineering
Computer Engineering ,Computer Engineering
Computer engineering ,Computer Engineering
Computer Engineering ,Computer Engineering
Computer engineering (BE),Computer Engineering
Computer ,Computer Engineering
Computer Engineering ,Computer Engineering
Computer Engineering ,Computer Engineering
ai ds,Artificial Intelligence and Data Science
Computer Engineering ,Computer Engineering
Computer ,Computer Engineering
Computer engineering ,Computer Engineering
Computer ,Computer Engineering
Artificial Intelligence ,Artificial Intelligence
Computer Engineering ,Computer Engineering
Computer engineering,Computer Engineering
Computer,Computer Engineering
Computer,Computer Engineering
Computer Engineering ,Computer Engineering
Computer Engineering ,Computer Engineering
Information Technology ,Information Technology
Computer science ,Computer Engineering
Computer Engineering,Computer Engineering
Computer engineering ,Computer Engineering
Mechanical Engineering ,Mechanical Engineering
Computer,Computer Engineering
AIDS ,Artificial Intelligence and Data Science
Aids,Artificial Intelligence and Data Science
Artificial intelligence and data science ,Artificial Intelligence and Data Science
MECHANICAL ,Mechanical Engineering
Computer ,Computer Engineering
Mechanical Engineering ,Mechanical Engineering
CS,Computer Engineering
Mechanical ,Mechanical Engineering
Mechanical ,Mechanical Engineering
Computer Engineering,Computer Engineering
Mechanical ,Mechanical Engineering
Mechanical Engineering,Mechanical Engineering
Artificial Intelligence and data science,Artificial Intelligence and Data Science
Computer ,Computer Engineering
ENTC,Electronics and Telecommunication Engineering
Electronics and Telecommunication ,Electronics and Telecommunication Engineering
E&tc ,Electronics and Telecommunication Engineering
Electronics and telecommunication ,Electronics and Telecommunication Engineering
ENTC,Electronics and Telecommunication Engineering
ENTC ,Electronics and Telecommunication Engineering
EnTC,Electronics and Telecommunication Engineering
Electronics and Telecommunication ,Electronics and Telecommunication Engineering
E&TC,Electronics and Telecommunication Engineering
Electronics and telecommunication ,Electronics and Telecommunication Engineering
ENTC,Electronics and Telecommunication Engineering
Electronics and telecommunication ,Electronics and Telecommunication Engineering
Electronic and telecommunications ,Electronics and Telecommunication Engineering
ENTC,Electronics and Telecommunication Engineering
Electronics and telecommunication engineering ,Electronics and Telecommunication Engineering
Electronics and telecommunication engineering ,Electronics and Telecommunication Engineering
ENTC,Electronics and Telecommunication Engineering
E&TC,Electronics and Telecommunication Engineering
Electronics and Telecommunications Engineering ,Electronics and Telecommunication Engineering
E&TC,Electronics and Telecommunication Engineering
Mechanical sandwich,Mechanical Engineering
E&TC,Electronics and Telecommunication Engineering
Computer Engineering ,Computer Engineering
Electronics and Telecommunication ,Electronics and Telecommunication Engineering
Electronics and Telecommunications ,Electronics and Telecommunication Engineering
Electronics and Telecommunication ,Electronics and Telecommunication Engineering
E&TC,Electronics and Telecommunication Engineering
ENTC,Electronics and Telecommunication Engineering
Electronics and telecommunication ,Electronics and Telecommunication Engineering
Electronics and telecommunication ,Electronics and Telecommunication Engineering
Electronics and telecommunication ,Electronics and Telecommunication Engineering
Electronic and telecommunications ,Electronics and Telecommunication Engineering
E&TC,Electronics and Telecommunication Engineering
Entc,Electronics and Telecommunication Engineering
Electronics and telecommunication engineering ,Electronics and Telecommunication Engineering
Electronics and telecommunication ,Electronics and Telecommunication Engineering
ENTC ,Electronics and Telecommunication Engineering
ENTC,Electronics and Telecommunication Engineering
AIML,Artificial Intelligence and Data Science
ENTC,Electronics and Telecommunication Engineering
Electronics and communication ,Electronics and Telecommunication Engineering
Electronics and telecommunication ,Electronics and Telecommunication Engineering
Electronics and Telecommunication ,Electronics and Telecommunication Engineering
ENTC,Electronics and Telecommunication Engineering
EnTC,Electronics and Telecommunication Engineering
Electronics and telecommunication,Electronics and Telecommunication Engineering
E&TC,Electronics and Telecommunication Engineering
CHEMICAL,Chemical Engineering
Chemical ,Chemical Engineering
Chemical Engineering ,Chemical Engineering
Chemical engineering ,Chemical Engineering
Chemical,Chemical Engineering
CHEMICAL ENGINEERING ,Chemical Engineering
Chemical ,Chemical Engineering
Chemical,Chemical Engineering
Chemical ,Chemical Engineering
Chemical engineering ,Chemical Engineering
Chemical engineering ,Chemical Engineering
Chemical engineering,Chemical Engineering
Chemical engineering ,Chemical Engineering
Chemical engineering,Chemical Engineering
Chemical Engineering,Chemical Engineering
Electronics and telecommunication ,Electronics and Telecommunication Engineering
Chemical Engineering,Chemical Engineering
Chemical engineering ,Chemical Engineering
Chemical ,Chemical Engineering
Chemical ,Chemical Engineering
Chemical Engineering ,Chemical Engineering
Aiml,Artificial Intelligence and Data Science
CSE-AIML ,Artificial Intelligence and Data Science
Chemical engineering ,Chemical Engineering
AIML ,Artificial Intelligence and Data Science
Computer science engineering with specialization in AIML ,Artificial Intelligence and Data Science
B tech aiml,Artificial Intelligence and Data Science
Computer Science Engineering with specialization in Artificial Intelligence and Machine Learning ,Artificial Intelligence and Data Science
cs aiml ,Artificial Intelligence and Data Science
Chemical ,Chemical Engineering
Chemical ,Chemical Engineering
Chemical Engineering ,Chemical Engineering
Chemical engineering ,Chemical Engineering
Btech cse Aiml ,Artificial Intelligence and Data Science
Computer,Computer Engineering
Chemical engineering ,Chemical Engineering
Chemical ,Chemical Engineering
Chemical engineering ,Chemical Engineering
Chemical Engineering ,Chemical Engineering
Chemical engineering ,Chemical Engineering
Chemical ,Chemical Engineering
Computer,Computer Engineering
Chemical engineering ,Chemical Engineering
Chemical engineering ,Chemical Engineering
CSE-AIML,Artificial Intelligence and Data Science
Chemical engineering ,Chemical Engineering
Chemical engineering ,Chemical Engineering
AIML,Artificial Intelligence and Data Science
CSE-AIML,Artificial Intelligence and Data Science
CSE-AIML,Artificial Intelligence and Data Science
Chemical engineering ,Chemical Engineering
BTech cse aiml ,Artificial Intelligence and Data Science
CHEMICAL ENGINEERING ,Chemical Engineering
AIML,Artificial Intelligence and Data Science
Chemical Engineering ,Chemical Engineering
Chemical Engineering ,Chemical Engineering
Chemical ,Chemical Engineering
Chemical engineering ,Chemical Engineering
Chemical ,Chemical Engineering
Chemical engineering,Chemical Engineering
Chemical Engineering ,Chemical Engineering
Chemical Engineering ,Chemical Engineering
CSE -AIML ,Artificial Intelligence and Data Science
Computer Science with Artificial Intelligence and Machine learning,Artificial Intelligence and Data Science
CHEMICAL ,Chemical Engineering
Chemical Engineering ,Chemical Engineering
Chemical engi6,Chemical Engineering
CHEMICAL ENGINEERING ,Chemical Engineering
Chemical Engineering ,Chemical Engineering
CSE-AIML,Artificial Intelligence and Data Science
Chemical engineering ,Chemical Engineering
Chemical Engineering ,Chemical Engineering
Chemical ,Chemical Engineering
Chemical ,Chemical Engineering
Chemical Engineering ,Chemical Engineering
Chemical engineering ,Chemical Engineering
Chemical ,Chemical Engineering
Chemical Engineering,Chemical Engineering
Chemical engineering ,Chemical Engineering
Chemical ,Chemical Engineering
Entc,Electronics and Telecommunication Engineering
Entc,Electronics and Telecommunication Engineering
Electronics and Telecommunications,Electronics and Telecommunication Engineering
Chemical Engineering ,Chemical Engineering
Chemical,Chemical Engineering
Chemical ,Chemical Engineering
Computer ,Computer Engineering
Chemical engineering ,Chemical Engineering
Artificial intelligence and data science ,Artificial Intelligence and Data Science
Artificial intelligence and data science ,Artificial Intelligence and Data Science
Artificial intelligence and data science ,Artificial Intelligence and Data Science
Artificial intelligence and data science ,Artificial Intelligence and Data Science
Civil Engineering ,Civil Engineering
Artificial intelligence and Data Science ,Artificial Intelligence and Data Science
Artificial intelligence and Data science ,Artificial Intelligence and Data Science
Artificial intelligence and data science ,Artificial Intelligence and Data Science
Artificial intelligence and data science ,Artificial Intelligence and Data Science
Artificial intelligence and data science ,Artificial Intelligence and Data Science
AIDS,Artificial Intelligence and Data Science
CIVIL ENGINEERING,Civil Engineering
Chemical ,Chemical Engineering
Artificial intelligence and data science ,Artificial Intelligence and Data Science
Artificial intelligence and data science ,Artificial Intelligence and Data Science
Civil engineering ,Civil Engineering
AI and DS ,Artificial Intelligence and Data Science
AIML,Artificial Intelligence and Data Science
Artificial intelligence and Machine learning ,Artificial Intelligence and Data Science
AIML,Artificial Intelligence and Data Science
Artificial intelligence and machine learning,Artificial Intelligence and Data Science
Civil engineering ,Civil Engineering
Civil ,Civil Engineering
artificial intelligence and machine learning,Artificial Intelligence and Data Science
BE Civil,Civil Engineering
Ai and data science ,Artificial Intelligence and Data Science
AIDS ,Artificial Intelligence and Data Science
Information technology ,Information Technology
IT,Information Technology
Information technology,Information Technology
Artificial intelligence and data science (AIDS),Artificial Intelligence and Data Science
Information Technology,Information Technology
INFORMATION TECHNOLOGY,Information Technology
Artificial intelligence and Data science ,Artificial Intelligence and Data Science
Information Technology ,Information Technology
IT,Information Technology
Information Technology ,Information Technology
Artificial Intelligence and Data Science ,Artificial Intelligence and Data Science
Artificial intelligence and data science ,Artificial Intelligence and Data Science
Civil Engineering ,Civil Engineering
Information technology ,Information Technology
Information technology ,Information Technology
Artificial intelligence and data science engineering ,Artificial Intelligence and Data Science
Artificial intelligence and Machine learning engineering ,Artificial Intelligence and Data Science
Information Technology ,Information Technology
IT,Information Technology
AIML,Artificial Intelligence and Data Science
Artificial intelligence and data science ,Artificial Intelligence and Data Science
Information Technology ,Information Technology
It,Information Technology
It,Information Technology
Information technology ,Information Technology
Artificial intelligence and data science ,Artificial Intelligence and Data Science
Civil Engineering,Civil Engineering
Civil ,Civil Engineering
Information Technology ,Information Technology
Civil Engineer ,Civil Engineering
Civil engineering ,Civil Engineering
Information Technology ,Information Technology
Civil engineering ,Civil Engineering
Civil Engineering ,Civil Engineering
Civil Engineering ,Civil Engineering
AIML,Artificial Intelligence and Data Science
Civil,Civil Engineering
Civil Engineering ,Civil Engineering
Information technology ,Information Technology
Civil engineering ,Civil Engineering
IT ,Information Technology
Civil engineering ,Civil Engineering
Information technology ,Information Technology
AI and data science ,Artificial Intelligence and Data Science
Information technology ,Information Technology
Civil engineering ,Civil Engineering
AIML,Artificial Intelligence and Data Science
Civil engineering ,Civil Engineering
Information Technology ,Information Technology
Civil engineering ,Civil Engineering
Civil,Civil Engineering
BE in Civil engineering ,Civil Engineering
Information Technology ,Information Technology
Artificial intelligence and data science ,Artificial Intelligence and Data Science
Information technology ,Information Technology
AIML,Artificial Intelligence and Data Science
Mechanical engineering ,Mechanical Engineering
Information Technology ,Information Technology
Information Technology ,Information Technology
Information technology ,Information Technology
IT,Information Technology
AIDS,Artificial Intelligence and Data Science
Chemical engineering ,Chemical Engineering
Mechanical Engineering ,Mechanical Engineering
Artificial intelligence and Data science ,Artificial Intelligence and Data Science
AIML,Artificial Intelligence and Data Science
AIML,Artificial Intelligence and Data Science
Artificial Intelligence and Data Science ,Artificial Intelligence and Data Science
IT,Information Technology
Civil Engineering ,Civil Engineering
AIML,Artificial Intelligence and Data Science
Civil Engineering ,Civil Engineering
AIDS,Artificial Intelligence and Data Science
IT ,Information Technology
Artificial Intelligence and Data Science,Artificial Intelligence and Data Science
Ai&ds,Artificial Intelligence and Data Science
Ai & Ds,Artificial Intelligence and Data Science
Artificial intelligence and data science ,Artificial Intelligence and Data Science
Artificial Intelligence & Data Science,Artificial Intelligence and Data Science
Civil ,Civil Engineering
Civil engineering ,Civil Engineering
Computer Engineering ,Computer Engineering
Information Technology ,Information Technology
Computer Engineering ,Computer Engineering
Computer ,Computer Engineering
Computer ,Computer Engineering
Computer Engineering ,Computer Engineering
Computer Engineering ,Computer Engineering
Computer Engineering ,Computer Engineering
Computer ,Computer Engineering
Computer Engineering ,Computer Engineering
Computer ,Computer Engineering
computer engineering ,Computer Engineering
Computer ,Computer Engineering
Computer science ,Computer Engineering
Computer engineering ,Computer Engineering
Ai&Ds,Artificial Intelligence and Data Science
Artificial intelligence and data science ,Artificial Intelligence and Data Science
Computer,Computer Engineering
BE comp,Computer Engineering
Computer engineering ,Computer Engineering
Computer engineering,Computer Engineering
Computer ,Computer Engineering
Computer Engineering ,Computer Engineering
Mechanical engineering ,Mechanical Engineering
Computer engineering ,Computer Engineering
Civil engineering,Civil Engineering
Computer engineering ,Computer Engineering
Computer Science,Computer Engineering
Aiml,Artificial Intelligence and Data Science
Computer Engineering ,Computer Engineering
Computer,Computer Engineering
Computer science ,Computer Engineering
AI&DS,Artificial Intelligence and Data Science
Computer Engineering ,Computer Engineering
Computer engineering ,Computer Engineering
Genba sopanrao moze college of engineering ,Computer Engineering
INFORMATION TECHNOLOGY ,Information Technology
Mechanical Engineering ,Mechanical Engineering
Mechanical engineering ,Mechanical Engineering
mechanical ,Mechanical Engineering
MECHANICAL,Mechanical Engineering
MECHANICAL ENGINEERING ,Mechanical Engineering
C.E,Civil Engineering
Mechanical,Mechanical Engineering
ME,Mechanical Engineering
Mechanical ,Mechanical Engineering
Mechanical,Mechanical Engineering
Mechanical ,Mechanical Engineering
Mechanical Engineering ,Mechanical Engineering
Mechanical,Mechanical Engineering
Entc,Electronics and Telecommunication Engineering
Computer engineering ,Computer Engineering
Computer science ,Computer Engineering
Chemical ,Chemical Engineering
Mechanical ,Mechanical Engineering
Mechanical,Mechanical Engineering
Mechanical ,Mechanical Engineering
CSE-AIML,Artificial Intelligence and Data Science
IT,Information Technology
Computer,Computer Engineering
EnTC ,Electronics and Telecommunication Engineering
Mechanical Engineering ,Mechanical Engineering
Mechanical engineering ,Mechanical Engineering
Computer Engineering,Computer Engineering
Computer ,Computer Engineering
Computer engineering ,Computer Engineering
Computer Science,Computer Engineering
Computer engineer ,Computer Engineering
Computer engineering ,Computer Engineering
Computer engineering,Computer Engineering
Computer engineering,Computer Engineering
Computer Engineering ,Computer Engineering
Computer engineering ,Computer Engineering
BE(Computer Engineering) ,Computer Engineering
Computer Engineering ,Computer Engineering
Computer Engineering ,Computer Engineering
Computer ,Computer Engineering
BE Computer ,Computer Engineering
Computer Engineering,Computer Engineering
Computer engineering,Computer Engineering
Computer engineering,Computer Engineering
Computer engineering ,Computer Engineering
Computer engineering ,Computer Engineering
Computer engineering ,Computer Engineering
Computer ,Computer Engineering
Computer Engineering ,Computer Engineering
Computer engineering ,Computer Engineering
Computer engineering,Computer Engineering
Computer engineering ,Computer Engineering
Computer engineering ,Computer Engineering
Computer engineering ,Computer Engineering
Computer Engineering ,Computer Engineering
Computer Engineering ,Computer Engineering
Computer Engineering ,Computer Engineering
Computer Engineering ,Computer Engineering
Computer Engineering ,Computer Engineering
Computer engineering ,Computer Engineering
Computer Engineering ,Computer Engineering
Computer engineering ,Computer Engineering
Computer science ,Computer Engineering
Computer Engineering,Computer Engineering
Computer Engineering ,Computer Engineering
Computer science ,Computer Engineering
Computer ,Computer Engineering
Computer engineering ,Computer Engineering
Computer Engineering,Computer Engineering
Computer,Computer Engineering
Computer Engineering,Computer Engineering
Computer engineering ,Computer Engineering
Computer ,Computer Engineering
Computer Enginerrin,Computer Engineering
Computer ,Computer Engineering
Computer engineering,Computer Engineering
Computer Engineering ,Computer Engineering
Computer Engineering,Computer Engineering
Computer,Computer Engineering
Computer engineering,Computer Engineering
Computer,Computer Engineering
Computer engineering,Computer Engineering
Computer Engineering ,Computer Engineering
Computer Science ,Computer Engineering
Computer engineering ,Computer Engineering
Computer ,Computer Engineering
Computer science ,Computer Engineering
COMPUTER ENGINEERING ,Computer Engineering
Computer engineering ,Computer Engineering
Computer engineering,Computer Engineering
Computer engineering ,Computer Engineering
Computer Engineering ,Computer Engineering
Computer engineering ,Computer Engineering
Computer engineering ,Computer Engineering
Computer engineering,Computer Engineering
Computer engineering ,Computer Engineering
Computer Engineering ,Computer Engineering
Compute Engineering ,Computer Engineering
Computer engineering ,Computer Engineering
Computer Engineering,Computer Engineering
Computer Engineering ,Computer Engineering
computer engineering ,Computer Engineering
Computer Science ,Computer Engineering
Computer Engineering ,Computer Engineering
Computer Engineering ,Computer Engineering
Computer Engineering ,Computer Engineering
Computer ,Computer Engineering
Computer engineering ,Computer Engineering
Computer engineering ,Computer Engineering
Computer Engineering,Computer Engineering
Computer engineering ,Computer Engineering
Computer Engineering ,Computer Engineering
Computer Engineering,Computer Engineering
Computer engineering ,Computer Engineering
Computer ,Computer Engineering
Computer Engineering ,Computer Engineering
Computer Engineering ,Computer Engineering
Computer Engineering,Computer Engineering
Computer Engineering,Computer Engineering
Computer,Computer Engineering
Computer Engineering,Computer Engineering
Computer engineering ,Computer Engineering
Computer ,Computer Engineering
Computer ,Computer Engineering
Computer Engineering,Computer Engineering
Computer Science ,Computer Engineering
Computer engineering ,Computer Engineering
Computer ,Computer Engineering
Civil ,Civil Engineering
Computer Engineering ,Computer Engineering
Computer Engineering ,Computer Engineering
Computer engineering ,Computer Engineering
Computer engineering ,Computer Engineering
Computer science ,Computer Engineering
Computer Engineering ,Computer Engineering
Computer ,Computer Engineering
Computer engineering ,Computer Engineering
Computer Engineering ,Computer Engineering
Computer Engineering,Computer Engineering
Computer Science Engineering ,Computer Engineering
Computer Engineering ,Computer Engineering
Computer Engineering ,Computer Engineering
Computer Engineering,Computer Engineering
Computer Engineering ,Computer Engineering
Computer Engineering,Computer Engineering
Computer,Computer Engineering
Computer Engineering ,Computer Engineering
Computer Engineering ,Computer Engineering
Computer ,Computer Engineering
Computer ,Computer Engineering
Computer Engineering ,Computer Engineering
Computer Engineering ,Computer Engineering
Computer Engineering ,Computer Engineering
Computer engineering ,Computer Engineering
Computer,Computer Engineering
Computer Science ,Computer Engineering
Computer ,Computer Engineering
Computer engineering ,Computer Engineering
Computer Science and Engineering,Computer Engineering
Computer Science Engineering ,Computer Engineering
Computer engineering ,Computer Engineering
Computer Engineering ,Computer Engineering
Computer Engineering,Computer Engineering
Computer Science Engineering ,Computer Engineering
Computer ,Computer Engineering
Computer Engineering ,Computer Engineering
Computer ,Computer Engineering
Computer ,Computer Engineering
CSE,Computer Engineering
CSE,Computer Engineering
Computer engineering ,Computer Engineering
B tech cse,Computer Engineering
Computer Engineering ,Computer Engineering
Cse,Computer Engineering
Cse,Computer Engineering
CSE,Computer Engineering
cse,Computer Engineering
CSE,Computer Engineering
CSE,Computer Engineering
Cse,Computer Engineering
AI-DS btech,Artificial Intelligence and Data Science
Computer science ,Computer Engineering
CSE,Computer Engineering
Computer Science ,Computer Engineering
Computer ,Computer Engineering
CSE,Computer Engineering
Computer ,Computer Engineering
Cs,Computer Engineering
Computer engineering ,Computer Engineering
Computer engineering ,Computer Engineering
Computer Engineering ,Computer Engineering
Computer Engineering ,Computer Engineering
computer ,Computer Engineering
B tech in computer ,Computer Engineering
BCA,Computer Engineering
comp,Computer Engineering
Computer Engineering ,Computer Engineering
Computer engineering ,Computer Engineering
CS ,Computer Engineering
CSE cyber security ,Cyber Security
AI,Artificial Intelligence and Data Science
Artificial intelligence and data science ,Artificial Intelligence and Data Science
AIDS,Artificial Intelligence and Data Science
Computer science specialization with cyber security ,Cyber Security
Artificial intelligence and Data Science ,Artificial Intelligence and Data Science
Computer ,Computer Engineering
Artificial intelligence and data science ,Artificial Intelligence and Data Science
AI &DS,Artificial Intelligence and Data Science
Artificial Intelligence & Data Science,Artificial Intelligence and Data Science
AIDS ,Artificial Intelligence and Data Science
AI&DS,Artificial Intelligence and Data Science
Artificial intelligence and data science ,Artificial Intelligence and Data Science
B.Tect Computer Engineering,Computer Engineering
Computer engineering,Computer Engineering
AI-DS,Artificial Intelligence and Data Science
Artificial intelligence and Data science ,Artificial Intelligence and Data Science
Computer science ,Computer Engineering
Cse- Cyber security ,Cyber Security
Artificial Intelligence and Data Science,Artificial Intelligence and Data Science
AI,Artificial Intelligence and Data Science
Artificial intelligence and Data science,Artificial Intelligence and Data Science
Artificial intelligence and data science ,Artificial Intelligence and Data Science
Artificial intelligence and data science ,Artificial Intelligence and Data Science
AI &DS ,Artificial Intelligence and Data Science
AI&DS,Artificial Intelligence and Data Science
Computer ,Computer Engineering
Computer Engineering,Computer Engineering
Computer ,Computer Engineering
AI & DS,Artificial Intelligence and Data Science
AIDS,Artificial Intelligence and Data Science
AiMl,Artificial Intelligence and Data Science
Aiml,Artificial Intelligence and Data Science
Artificial Intelligence and Data Science,Artificial Intelligence and Data Science
AI&DS,Artificial Intelligence and Data Science
Computer science ,Computer Engineering
Cse-cyber security,Cyber Security
Cyber security,Cyber Security
Computer science ,Computer Engineering
Artificial intelligence and data science ,Artificial Intelligence and Data Science
computer ,Computer Engineering
Computer ,Computer Engineering
Artificial Intelligence And Data Science ,Artificial Intelligence and Data Science
Artificial Intelligence and Data Science ,Artificial Intelligence and Data Science
AI&DS,Artificial Intelligence and Data Science
AIDS,Artificial Intelligence and Data Science
Artificial Intelligence and Data Science ,Artificial Intelligence and Data Science
Artificial Intelligence and Data Science,Artificial Intelligence and Data Science
Artificial Intelligence and Data Science ,Artificial Intelligence and Data Science
Artificial Intelligence and Data Science ,Artificial Intelligence and Data Science
Artificial intelligence and data science ,Artificial Intelligence and Data Science
Artificial Intelligence and Data Science ,Artificial Intelligence and Data Science
Aids,Artificial Intelligence and Data Science
AIDS,Artificial Intelligence and Data Science
AI&DS,Artificial Intelligence and Data Science
AI&DS,Artificial Intelligence and Data Science
Artificial intelligence and data science ,Artificial Intelligence and Data Science
Artificial intelligence and data science ,Artificial Intelligence and Data Science
AI&DS,Artificial Intelligence and Data Science
AI&DS,Artificial Intelligence and Data Science
Artificial Intelligence and Data Science ,Artificial Intelligence and Data Science
Artificial intelligence and data science ,Artificial Intelligence and Data Science
AIDS ,Artificial Intelligence and Data Science
CSE-CYBER SECURITY ,Cyber Security
Artificial Intelligence and Data Science,Artificial Intelligence and Data Science
Artificial intelligence and Data Science ,Artificial Intelligence and Data Science
AIDS,Artificial Intelligence and Data Science
Cs,Computer Engineering
Second year AIDS,Artificial Intelligence and Data Science
AI and DS,Artificial Intelligence and Data Science
AI&DS,Artificial Intelligence and Data Science
AIDS,Artificial Intelligence and Data Science
Artificial intelligence and Data Science,Artificial Intelligence and Data Science
Artificial Intelligence and Data Science ,Artificial Intelligence and Data Science
Artificial Intelligence & Data Science,Artificial Intelligence and Data Science
Artificial intelligence and data science ,Artificial Intelligence and Data Science
Aids,Artificial Intelligence and Data Science
AI&DS,Artificial Intelligence and Data Science
AI&DS,Artificial Intelligence and Data Science
Computer Engineering ,Computer Engineering
CSE-cyber security,Cyber Security
CSE-CY,Cyber Security
Btech CSE -Cyber Security,Cyber Security
B TECH CSE-CYBER SECURITY ,Cyber Security
BTech CSE cybersecurity ,Cyber Security
CSE cyber security,Cyber Security
Computer Engineering,Computer Engineering
Cybersecurity ,Cyber Security
CSE(cyber security),Cyber Security
Hotel management ,Hotel Management
CSE- Cyber Security ,Cyber Security
CSE Cyber Security ,Cyber Security
Cse- cybersecurity,Cyber Security
Cyber security ,Cyber Security
Cyber security ,Cyber Security
Computer Engineering ,Computer Engineering
CSE-AIML,Artificial Intelligence and Data Science
CSE-AIML,Artificial Intelligence and Data Science
CSE -AIML ,Artificial Intelligence and Data Science
CSE AIML,Artificial Intelligence and Data Science
CSEAIML,Artificial Intelligence and Data Science
Aiml,Artificial Intelligence and Data Science
cs ,Computer Engineering
Aiml,Artificial Intelligence and Data Science
Artificial intelligence and machine learning ,Artificial Intelligence and Data Science
Cse AIML,Artificial Intelligence and Data Science
