NameOfInstitute,standardized_institute_name
Aissms,aissms college of engineering pune
Aissms coe,aissms college of engineering pune
Aissms Coe,aissms college of engineering pune
AISSMS College of Engineering,aissms college of engineering pune
Aissms college of engineering,aissms college of engineering pune
AISSMS COE,aissms college of engineering pune
Aissms coe pune,aissms college of engineering pune
Aissms College of engineering pune,aissms college of engineering pune
AISSMS COE,aissms college of engineering pune
Aissms coe,aissms college of engineering pune
Aissms Coe,aissms college of engineering pune
Aissms college of engineering,aissms college of engineering pune
AISSMS College of Engineering,aissms college of engineering pune
AISSMS,aissms college of engineering pune
All india shree Shivaji memorial society's college of engineering pune,aissms college of engineering pune
AISSMS College of engineering,aissms college of engineering pune
AISSMS College of Engineering,aissms college of engineering pune
Aissms coe pune,aissms college of engineering pune
AISSMS COE PUNE,aissms college of engineering pune
Aissms coe Pune,aissms college of engineering pune
Aissms college of engineering,aissms college of engineering pune
Aissms college of engineering pune,aissms college of engineering pune
AISSMS COE,aissms college of engineering pune
AISSMS COE,aissms college of engineering pune
AISSMS COE,aissms college of engineering pune
AISSMS COE PUNE,aissms college of engineering pune
AISSMS COE PUNE,aissms college of engineering pune
All india shree shivaji memorial society,aissms college of engineering pune
AISSMS COE  Pune,aissms college of engineering pune
AISSMS COE,aissms college of engineering pune
AISSMS College of engineering,aissms college of engineering pune
Aissms College of Engineering Pune  Maharashtra,aissms college of engineering pune
AISSMS College of Engineering Pune,aissms college of engineering pune
AISSMS college of engineering,aissms college of engineering pune
All India Shri Shivaji Memorial Society College of Engineering,aissms college of engineering pune
AISSMS COE PUNE,aissms college of engineering pune
Aissms Coe pune,aissms college of engineering pune
Aissms Coe,aissms college of engineering pune
AISSMS COE,aissms college of engineering pune
AISSMS COE,aissms college of engineering pune
Aissms Coe,aissms college of engineering pune
AISSMS COE,aissms college of engineering pune
AISSMS COE,aissms college of engineering pune
AISSMS College of Engineering,aissms college of engineering pune
Aissms coe,aissms college of engineering pune
Aissms coe,aissms college of engineering pune
AISSMS COE,aissms college of engineering pune
Aissms COE,aissms college of engineering pune
Aissms coe,aissms college of engineering pune
Aissms coe,aissms college of engineering pune
Aissms coe,aissms college of engineering pune
Aissms college of engineering,aissms college of engineering pune
All Shree Shivaji Memorial Society,aissms college of engineering pune
All india shree shivaji memorial societies college of engineering pune,aissms college of engineering pune
AISSMS COE,aissms college of engineering pune
AISSMS COE,aissms college of engineering pune
AISSMS COE,aissms college of engineering pune
Aissms,aissms college of engineering pune
Aissms coe,aissms college of engineering pune
AISSMS COE,aissms college of engineering pune
Aissms College of Engineering,aissms college of engineering pune
AISSMS College of Engineering,aissms college of engineering pune
Aissms COE,aissms college of engineering pune
Aissms coe,aissms college of engineering pune
AISSMS College of Engineering  Pune,aissms college of engineering pune
AISSMSCOE,aissms college of engineering pune
Aissms COE Pune,aissms college of engineering pune
Aissms Coe Pune,aissms college of engineering pune
Aissms coe,aissms college of engineering pune
All india shri shivaji memorial society college of engineering Pune,aissms college of engineering pune
AISSMS COE,aissms college of engineering pune
AISSMS COE PUNE,aissms college of engineering pune
Aissms,aissms college of engineering pune
Aissms coe,aissms college of engineering pune
AISSMS COE,aissms college of engineering pune
AISSMS,aissms college of engineering pune
AISSMS,aissms college of engineering pune
AISSMS College of Engineering,aissms college of engineering pune
AISSMS,aissms college of engineering pune
Aissms Coe,aissms college of engineering pune
AISSMS College of engineering Pune,aissms college of engineering pune
AISSMS COE,aissms college of engineering pune
AISSMS  COE,aissms college of engineering pune
AISSMS coe,aissms college of engineering pune
AISSMS COE  Pune  Maharashtra,aissms college of engineering pune
AISSMS College of Engineering  Pune,aissms college of engineering pune
Aissms coe,aissms college of engineering pune
AISSMS college of engineering,aissms college of engineering pune
Aissms coe,aissms college of engineering pune
AISSMS COE,aissms college of engineering pune
Aissms coe,aissms college of engineering pune
AISSMSCOE,aissms college of engineering pune
Aissms COE,aissms college of engineering pune
AISSMS COE,aissms college of engineering pune
Aissms,aissms college of engineering pune
AISSMSCOE,aissms college of engineering pune
AISSMS coe,aissms college of engineering pune
AISSMS COE,aissms college of engineering pune
Aissms Coe Pune,aissms college of engineering pune
AISSMS,aissms college of engineering pune
Aissms,aissms college of engineering pune
AISSMS COE,aissms college of engineering pune
AISSMS COE,aissms college of engineering pune
Aissms coe,aissms college of engineering pune
AISSMS COE Pune,aissms college of engineering pune
AISSMS College Of Engineering,aissms college of engineering pune
AISSMS College of Engineering,aissms college of engineering pune
AISSMS COE,aissms college of engineering pune
AISSMS COE,aissms college of engineering pune
All India Shri Shivaji Memorial Society,aissms college of engineering pune
Aissmscoe,aissms college of engineering pune
Aissms Coe,aissms college of engineering pune
AISSMS COE,aissms college of engineering pune
Savitribai phule university  Pune,aissms college of engineering pune
Aissms COE,aissms college of engineering pune
AISSMS COE,aissms college of engineering pune
AISSMS COE,aissms college of engineering pune
AISSMS COE  Pune,aissms college of engineering pune
All India Shri Shivaji Memorial Society  COE,aissms college of engineering pune
AISSMS COE PUNE,aissms college of engineering pune
AISSMS COE,aissms college of engineering pune
AISSMS COE,aissms college of engineering pune
Aissms COE,aissms college of engineering pune
AISSMS COE Pune.,aissms college of engineering pune
AISSMS COE,aissms college of engineering pune
A.I.S.S.M.S   C.O.E.,aissms college of engineering pune
AISSMS COE,aissms college of engineering pune
Aissms coe 9r94,aissms college of engineering pune
AISSMS COE,aissms college of engineering pune
Aissms,aissms college of engineering pune
AISSMS COLLEGE OF ENGINEERING,aissms college of engineering pune
AISSMS COE,aissms college of engineering pune
AISSMS College Of Engineering  Pune,aissms college of engineering pune
Aissms,aissms college of engineering pune
AISSMS COE,aissms college of engineering pune
AISSMS COE,aissms college of engineering pune
Aissms college of engineering,aissms college of engineering pune
AISSMS COE Pune,aissms college of engineering pune
AISSMS COE,aissms college of engineering pune
AISSMS COE,aissms college of engineering pune
AISSMS COE PUNE,aissms college of engineering pune
AISSMS COE,aissms college of engineering pune
AISSMS COE,aissms college of engineering pune
AISSMS COE,aissms college of engineering pune
AISSMS COLLEGE OF ENGINEERING,aissms college of engineering pune
AISSMS COE,aissms college of engineering pune
AISSMS College Of Engineering Pune,aissms college of engineering pune
SPPU,aissms college of engineering pune
AISSMS,aissms college of engineering pune
AISSMS COLLEGE OF ENGINEERING,aissms college of engineering pune
All India Shri Shivaji Memorial Society Collage Of Engineering Pune,aissms college of engineering pune
AISSMS COE Pune,aissms college of engineering pune
Aissms coe,aissms college of engineering pune
AISSMS PUNE,aissms college of engineering pune
AISSMS COE Pune,aissms college of engineering pune
Aissms coe,aissms college of engineering pune
Aissms,aissms college of engineering pune
AISSMS COE,aissms college of engineering pune
Aissms college of engineering pune,aissms college of engineering pune
Aissms coe,aissms college of engineering pune
AlSSMS COE  Pune,aissms college of engineering pune
Aissms college of engineering Pune,aissms college of engineering pune
AISSMS COE,aissms college of engineering pune
AISSMS COE,aissms college of engineering pune
AISSMS COE  Pune,aissms college of engineering pune
AISSMSCOE,aissms college of engineering pune
Aissms coe,aissms college of engineering pune
AISSMS COE PUNE,aissms college of engineering pune
Aissms coe,aissms college of engineering pune
AISSMS COE PUNE,aissms college of engineering pune
AISSMS college of engineering,aissms college of engineering pune
AISSMSCOE,aissms college of engineering pune
AISSMS COE PUNE,aissms college of engineering pune
AISSMS College Of Engineering Pune,aissms college of engineering pune
Aissms college of engineering,aissms college of engineering pune
AISSMS COE  PUNE,aissms college of engineering pune
AISSMS COLLEGE OF ENGINEERING,aissms college of engineering pune
AISSMS CoE  Pune,aissms college of engineering pune
Aissms college of engineering,aissms college of engineering pune
AISSMS COE,aissms college of engineering pune
AISSMS COE,aissms college of engineering pune
AISSMS College of Engineering,aissms college of engineering pune
Aissms coe,aissms college of engineering pune
AISSMS College of Engineering,aissms college of engineering pune
AISSMS College of engineering,aissms college of engineering pune
AISSMSCOE,aissms college of engineering pune
All India Shri Shivaji Memorial society College of engineering,aissms college of engineering pune
AISSMS COLLEGE OF ENGINEERING,aissms college of engineering pune
AISSMS COE,aissms college of engineering pune
aissms coe,aissms college of engineering pune
AISSMS COE,aissms college of engineering pune
AISSMS College of Engineering,aissms college of engineering pune
Aissms Coe,aissms college of engineering pune
AISSMS COE PUNE,aissms college of engineering pune
AISSMS COE PUNE,aissms college of engineering pune
AISSMS COE Pune,aissms college of engineering pune
All India Shri Shivaji memorial society College of Engineering,aissms college of engineering pune
AISSMS COE,aissms college of engineering pune
AISSMS COE,aissms college of engineering pune
AISSMS COE,aissms college of engineering pune
AISSMS COE,aissms college of engineering pune
AISSMS COE,aissms college of engineering pune
AISSMSCOE  PUNE,aissms college of engineering pune
Aissms coe,aissms college of engineering pune
AISSMS  COE PUNE,aissms college of engineering pune
AISSMS College of Engineering Pune,aissms college of engineering pune
All india shree shivaji memorial society,aissms college of engineering pune
AISSMS COE,aissms college of engineering pune
AISSMS COE,aissms college of engineering pune
AISSMSCOE,aissms college of engineering pune
AISSMS college of engineering,aissms college of engineering pune
aissms coe,aissms college of engineering pune
AISSMS COE,aissms college of engineering pune
Aissms Coe,aissms college of engineering pune
AISSMS COLLEGE OF ENGINEERING,aissms college of engineering pune
Aissms coe,aissms college of engineering pune
AISSMS COE,aissms college of engineering pune
AISSMS COE,aissms college of engineering pune
All India Shri Shivaji Memorial society pune,aissms college of engineering pune
Aissms coe,aissms college of engineering pune
AISSMS COE,aissms college of engineering pune
AISSMS COE,aissms college of engineering pune
Aissms College of Engineering,aissms college of engineering pune
AISSMS COE,aissms college of engineering pune
AISSMS COE Pune,aissms college of engineering pune
aissms college of engineering,aissms college of engineering pune
Aissms COE,aissms college of engineering pune
Aissms coe,aissms college of engineering pune
Aissms coe pune,aissms college of engineering pune
AISSMS College Of Engineering  Pune,aissms college of engineering pune
AISSMS COE,aissms college of engineering pune
AISSMS College of Engineering,aissms college of engineering pune
AISSMS College of engineering,aissms college of engineering pune
AISSMS,aissms college of engineering pune
AISSMS COE,aissms college of engineering pune
AISSMS College Of Engineering  Pune,aissms college of engineering pune
AISSMS COE,aissms college of engineering pune
AISSMS COE Pune,aissms college of engineering pune
Aissmscoe,aissms college of engineering pune
Aissms college of engineering,aissms college of engineering pune
Aissms coe,aissms college of engineering pune
AISSMS COLLEGE OF ENGINEERING,aissms college of engineering pune
AISSMS COLLEGE OF ENGINEERING,aissms college of engineering pune
Aissms College of Engineering,aissms college of engineering pune
AISSMS  COE,aissms college of engineering pune
All India Shri Shivaji Memorial Society's College of Engineering Pune.,aissms college of engineering pune
AISSMS COE,aissms college of engineering pune
All India Shree Shivaji Memorial,aissms college of engineering pune
Aissms College Of Engineering   Pune,aissms college of engineering pune
AISSMS - COE,aissms college of engineering pune
AISSMS college of engineering,aissms college of engineering pune
Aissms coe  pune.,aissms college of engineering pune
Aissms,aissms college of engineering pune
AISSMS College of Engineering Pune,aissms college of engineering pune
AISSMS College of Engineering,aissms college of engineering pune
Aissms coe,aissms college of engineering pune
AISSMS College of Engineering  Pune,aissms college of engineering pune
GS MOZE BALEWADI,genba sopanrao moze college of engineering balewadi
All india shri shivaji memorial education Society (AISSMS),aissms college of engineering pune
GENBA SOPANRAO MOJE COLLEGE OF ENGINEERING,genba sopanrao moze college of engineering balewadi
Moze collage of engineering Balewadi pune,genba sopanrao moze college of engineering balewadi
Ganba sopanrau more college of engineering pune,aissms college of engineering pune
GSM College,genba sopanrao moze college of engineering balewadi
Genba sopanrao moze college of engineering balewadi,genba sopanrao moze college of engineering balewadi
Genba sopanrao moze college of engineering balewadi,genba sopanrao moze college of engineering balewadi
SPPU,aissms college of engineering pune
Genba sopanrao moze college of engineering,genba sopanrao moze college of engineering balewadi
GSMCOE,genba sopanrao moze college of engineering balewadi
Savitri bai pule institute,aissms college of engineering pune
Genba Sopanrao Moze,genba sopanrao moze college of engineering balewadi
Genba sopanrao moze college of engineering pune,genba sopanrao moze college of engineering balewadi
Gsmcoe Baner,genba sopanrao moze college of engineering balewadi
Genba sopanrao moze college of engineering balewadi,genba sopanrao moze college of engineering balewadi
Genba sopanrao Moze college of engineering pune,genba sopanrao moze college of engineering balewadi
AISSMS COLLEGE OF ENGINEERING PUNE,aissms college of engineering pune
Genba Moze College of engineering,genba sopanrao moze college of engineering balewadi
GS MOZE,genba sopanrao moze college of engineering balewadi
Genba Sopanrao Moze College of engineering balewadi,genba sopanrao moze college of engineering balewadi
Genba sopanrao moze college of engineering  balewadi,genba sopanrao moze college of engineering balewadi
Genba sopanrao moze college of engineering,genba sopanrao moze college of engineering balewadi
Genba sopanrao moze college of engineering balewadi,genba sopanrao moze college of engineering balewadi
Genba Sopanrao Moze college of engineering,genba sopanrao moze college of engineering balewadi
Genba Sopanrao Moze Collage of Engineering  Balewadi  Pune,genba sopanrao moze college of engineering balewadi
Genba Sopanrao Moze College of Engineering  Balewadi,genba sopanrao moze college of engineering balewadi
Genba sopanrav moze college of engineering,genba sopanrao moze college of engineering balewadi
Genba Sopanrao Moze College of engineering,genba sopanrao moze college of engineering balewadi
GSMCOE,genba sopanrao moze college of engineering balewadi
GSMCOE,genba sopanrao moze college of engineering balewadi
GENBA SOPANRAO MOZE  Balewadi,genba sopanrao moze college of engineering balewadi
G S moze college of engineering balewadi pune,genba sopanrao moze college of engineering balewadi
Genba Sopanrao Moze College Of Engineering,genba sopanrao moze college of engineering balewadi
G. S. Moze college of engineering  balewadi,genba sopanrao moze college of engineering balewadi
All India Shri Shivaji Memorial Society's College of Engineering,aissms college of engineering pune
GSM College of Engineering Pune,genba sopanrao moze college of engineering balewadi
G s moze college of engineering pune,genba sopanrao moze college of engineering balewadi
G.S. Moze College of engineering  balewadi,genba sopanrao moze college of engineering balewadi
Genba Sopanrao Moze College Of Engineering,genba sopanrao moze college of engineering balewadi
GS Moze college of engineering Balewadi,genba sopanrao moze college of engineering balewadi
Genba Sopanarao Moze College Of Engineering  Balewadi,genba sopanrao moze college of engineering balewadi
G.S.moze college of engineering balewadi,genba sopanrao moze college of engineering balewadi
Genba Sopanrao Moze College of Engineering,genba sopanrao moze college of engineering balewadi
Savitribai Phule Pune University,aissms college of engineering pune
Genba Sopanrao Moze College Balewadi,genba sopanrao moze college of engineering balewadi
Genba sopanrao moze college of engineering pune,genba sopanrao moze college of engineering balewadi
Genba Sopanrao Moze College of Engineering,genba sopanrao moze college of engineering balewadi
GS moze clg of engineering balewadi  pune,genba sopanrao moze college of engineering balewadi
Sppu,aissms college of engineering pune
Genba Sopanrao Moze College Of Engineering Balewadi Pune,genba sopanrao moze college of engineering balewadi
Gs moze college balewadi,genba sopanrao moze college of engineering balewadi
Genba Sopanrao Moze College Of Engineering,genba sopanrao moze college of engineering balewadi
GSM BALEWADI,genba sopanrao moze college of engineering balewadi
Genba Sopanrao Moze college of engineering balewadi pune,genba sopanrao moze college of engineering balewadi
Genba Sopanrao Moze College of Engineering,genba sopanrao moze college of engineering balewadi
Genba sopanrao moze College of engineering balewadi,genba sopanrao moze college of engineering balewadi
Genba Sopanrao Moze College Of Engineering  Balewadi,genba sopanrao moze college of engineering balewadi
Genba Sopanrao Moze COE  Balewadi,genba sopanrao moze college of engineering balewadi
AISSMS COE Pune,aissms college of engineering pune
GSMCOE  BALEWADI,genba sopanrao moze college of engineering balewadi
Genba sopanrao moze college of engineering Balewadi,genba sopanrao moze college of engineering balewadi
G. S. Moze Balewadi,genba sopanrao moze college of engineering balewadi
Genba sopanrao moze college of engineering,genba sopanrao moze college of engineering balewadi
AISSMSCOE,aissms college of engineering pune
G. S.Moze College of  Engineering  Balewadi,genba sopanrao moze college of engineering balewadi
G. S. Moze Balewadi,genba sopanrao moze college of engineering balewadi
G.S.Moze COE Balewadi,genba sopanrao moze college of engineering balewadi
AISSMS College Of Engineering Pune,aissms college of engineering pune
All India Shri Shivaji Memorial Society's College Of Engineering  Pune,aissms college of engineering pune
Genba Sopanrao Moze College Of Engineering   balewadi pune.,genba sopanrao moze college of engineering balewadi
Genba Sopanroa Moze college of engineering Baner Balewadi,genba sopanrao moze college of engineering balewadi
GSMCOE,genba sopanrao moze college of engineering balewadi
GS moze college of engineering balewadi,genba sopanrao moze college of engineering balewadi
GSMCOE,genba sopanrao moze college of engineering balewadi
GS MOZE COE,genba sopanrao moze college of engineering balewadi
Genaba sopanrao moze college of engineering balewadi pune,genba sopanrao moze college of engineering balewadi
Genba Sopanrao Moze College of Engineering,genba sopanrao moze college of engineering balewadi
Genba sopanrao moze balewadi,genba sopanrao moze college of engineering balewadi
All India Shri Shivaji Memorial Society's  college of engineering  Pune,aissms college of engineering pune
G. S.moze college of engineering balewadi,genba sopanrao moze college of engineering balewadi
Genba sopanrao moze college of engineering,genba sopanrao moze college of engineering balewadi
GS Moze college of engineering,genba sopanrao moze college of engineering balewadi
Genba Sopanrao Moze college of engineering,genba sopanrao moze college of engineering balewadi
GSM College of engineering Balewadi,genba sopanrao moze college of engineering balewadi
GSMCOE,genba sopanrao moze college of engineering balewadi
Genba Sopanrao Moze COE Balewadi,genba sopanrao moze college of engineering balewadi
Genba sopanrao moze collage of engineering balewadi,genba sopanrao moze college of engineering balewadi
Genba sopanravo moze college of engineering,genba sopanrao moze college of engineering balewadi
GSMCOE Pune,genba sopanrao moze college of engineering balewadi
Genba Sopanarao Moze college of engineering,genba sopanrao moze college of engineering balewadi
G. S. Moze College of Engineering,genba sopanrao moze college of engineering balewadi
AISSMS COE PUNE,aissms college of engineering pune
Genba sopan rav moze college of engineering balewadi,genba sopanrao moze college of engineering balewadi
genba sopanrao moze college of engineering,genba sopanrao moze college of engineering balewadi
Genba Sopanrao Moze College Of Engineering Balewadi,genba sopanrao moze college of engineering balewadi
AISSMS College of Engineering,aissms college of engineering pune
GSM College of engineering,genba sopanrao moze college of engineering balewadi
G. S. Moze college of enggnaring,genba sopanrao moze college of engineering balewadi
AISSMS COE PUNE,aissms college of engineering pune
Genba Sopanrao Moze College Of Engineering Balewadi Pune,genba sopanrao moze college of engineering balewadi
Genba Sopanrao moze college of engineering pune,genba sopanrao moze college of engineering balewadi
AISSMS,aissms college of engineering pune
Gsmcoe,genba sopanrao moze college of engineering balewadi
G.S Moze College of Engineering  Pune,genba sopanrao moze college of engineering balewadi
Genba Sopanrao Moze college of Engineering of balewadi,genba sopanrao moze college of engineering balewadi
Sppu,aissms college of engineering pune
GS moze college of engineering pune,genba sopanrao moze college of engineering balewadi
Genba Sopanrao Moze College of Engineering Balewadi,genba sopanrao moze college of engineering balewadi
Genba sopanrao moze college of engineering,genba sopanrao moze college of engineering balewadi
GSMCOE,genba sopanrao moze college of engineering balewadi
Genba sopanrao moze college of engineering balewadi,genba sopanrao moze college of engineering balewadi
G S MOZE COLLEGE OF ENGINEERING,genba sopanrao moze college of engineering balewadi
Sppu,aissms college of engineering pune
Pune university,aissms college of engineering pune
Genba sopanrav moze college of engineering balewadi,genba sopanrao moze college of engineering balewadi
Genba sopanrao moze college of engineering,genba sopanrao moze college of engineering balewadi
Genba sopanrao moze college of engineering Pune,genba sopanrao moze college of engineering balewadi
Genba Sopanrao Moze College Of Engeenering Balewadi Pune,genba sopanrao moze college of engineering balewadi
Aissms,aissms college of engineering pune
G.S. Moze College Of Engineering,genba sopanrao moze college of engineering balewadi
gs moze college of engineering  pune.,genba sopanrao moze college of engineering balewadi
AISSMS COE,aissms college of engineering pune
Genba Sopanarao Moze College of Engineering,genba sopanrao moze college of engineering balewadi
Genaba sopanrao moze college of engineering Balewadi pune,genba sopanrao moze college of engineering balewadi
Genba sopanrao moze college of engineering,genba sopanrao moze college of engineering balewadi
Genba Sopanrao Moze college of engineering,genba sopanrao moze college of engineering balewadi
Savitribai phule pune University,aissms college of engineering pune
GSMCOE,genba sopanrao moze college of engineering balewadi
GSMCOE,genba sopanrao moze college of engineering balewadi
G.s moze college of engineering,genba sopanrao moze college of engineering balewadi
G.S Moze College of engineering  balewadi,genba sopanrao moze college of engineering balewadi
Genba Sopanrao moze college of engineering baner balewadi Pune,genba sopanrao moze college of engineering balewadi
GSMCOE,genba sopanrao moze college of engineering balewadi
AISSMS College of Engineering,aissms college of engineering pune
G.s. moze college of engineering balewadi  pune,genba sopanrao moze college of engineering balewadi
G. S. Moze college of engineering,genba sopanrao moze college of engineering balewadi
Genba sopanrao moze college of engineering   balewadi,genba sopanrao moze college of engineering balewadi
Genba sopanrao moze college of engineering,genba sopanrao moze college of engineering balewadi
SPPU,aissms college of engineering pune
Genba sopanrav moze engineering college balewadi,genba sopanrao moze college of engineering balewadi
G S Moze,genba sopanrao moze college of engineering balewadi
Genba Sopanrao Moze College of engineering Balewadi pune,genba sopanrao moze college of engineering balewadi
Genba Sopanrao moze college of engineering  balewadi  pune,genba sopanrao moze college of engineering balewadi
GSMCOE BANER BALEWADI,genba sopanrao moze college of engineering balewadi
G S Moze college of engineering  balewadi,genba sopanrao moze college of engineering balewadi
Genba sopanrao moze college of engineering,genba sopanrao moze college of engineering balewadi
G.S.Moze College Of Engineering  Pune.,genba sopanrao moze college of engineering balewadi
Genba Sopanrao Moze college of engineering Pune,genba sopanrao moze college of engineering balewadi
Genba Sopanrao Moze College of engineering baner balewadi,genba sopanrao moze college of engineering balewadi
Genba Sopanrao moze college of engineering balewadi,genba sopanrao moze college of engineering balewadi
Genba Sopanrao Moze Collage of Enginnering   balewadi,genba sopanrao moze college of engineering balewadi
GSMCOE,genba sopanrao moze college of engineering balewadi
GS Moze College of engineering balewadi,genba sopanrao moze college of engineering balewadi
Genba Sopanrao moze college of engineering balewadi,genba sopanrao moze college of engineering balewadi
GSMCOEP,genba sopanrao moze college of engineering balewadi
GS moze college of engineering,genba sopanrao moze college of engineering balewadi
G S Moze college of engineering,genba sopanrao moze college of engineering balewadi
sppu,aissms college of engineering pune
Genba Sopanrao Moze College Of Engineering,genba sopanrao moze college of engineering balewadi
GSMCOE balewadi pune,genba sopanrao moze college of engineering balewadi
Genba Sopanrav Moze College Of Engineering  Balewadi-Baner Pune.,genba sopanrao moze college of engineering balewadi
Savitribai Phule Pune University,aissms college of engineering pune
Genba sopanrao moze college of engineering,genba sopanrao moze college of engineering balewadi
Moze college of engineering,genba sopanrao moze college of engineering balewadi
Genba Sopanrao moze,genba sopanrao moze college of engineering balewadi
G S moze college of engineering balewadi pune,genba sopanrao moze college of engineering balewadi
GS moze college balewadi,genba sopanrao moze college of engineering balewadi
AISSMS COE PUNE,aissms college of engineering pune
GS moze college of engineering  balewadi,genba sopanrao moze college of engineering balewadi
GS Moze College Of Engineering  Balewadi Pune,genba sopanrao moze college of engineering balewadi
Genba Sopanrao Moze College of Engineering Balewadi-Baner Pune,genba sopanrao moze college of engineering balewadi
GSMCOE balewadi Pune 45,genba sopanrao moze college of engineering balewadi
GS Moze College of Engineering  Balewadi  Pune,genba sopanrao moze college of engineering balewadi
Genba Sopanrao moze college of engineering,genba sopanrao moze college of engineering balewadi
Genba sopanrao moze college,genba sopanrao moze college of engineering balewadi
Genba sopanrao moze college of engineering Pune  Maharashtra,genba sopanrao moze college of engineering balewadi
Genba Sopantrao Moze College of Engineering,genba sopanrao moze college of engineering balewadi
Genba sopanrao moze college of engineering,genba sopanrao moze college of engineering balewadi
Gsmcoe,genba sopanrao moze college of engineering balewadi
Genba Sopanrao moze college of engineering,genba sopanrao moze college of engineering balewadi
Genaba sopnarao moze balewadi,genba sopanrao moze college of engineering balewadi
G S Moze college of engineering balewadi,genba sopanrao moze college of engineering balewadi
GS Moze Balewadi pune,genba sopanrao moze college of engineering balewadi
Genba sopanrao moze college of engineering balewadi,genba sopanrao moze college of engineering balewadi
GS MOZE COLLEGE OF ENGINEERING,genba sopanrao moze college of engineering balewadi
Aissms,aissms college of engineering pune
AISSMS College of Engineering,aissms college of engineering pune
AISSMS,aissms college of engineering pune
G.s moje engg.,genba sopanrao moze college of engineering balewadi
Genba Sopanrao moze college of engineering,genba sopanrao moze college of engineering balewadi
Genba sopanrao moze college of engineering,genba sopanrao moze college of engineering balewadi
Genba sopanrao moze college of engineering  Balewadi,genba sopanrao moze college of engineering balewadi
Genba Sopanrao Moze College Of Engineering  Balewadi  Pune,genba sopanrao moze college of engineering balewadi
Genba Sopanrao Moze College of Engineering,genba sopanrao moze college of engineering balewadi
Genba Sopanrao Moze College of Engineering  Balewadi-Banner,genba sopanrao moze college of engineering balewadi
AISSMS COE,aissms college of engineering pune
Genba Sopanrav Moze College Of Engineering Balewadi Pune,genba sopanrao moze college of engineering balewadi
Aissms coe,aissms college of engineering pune
Genba Sopanrao Moze College of engineering  Balewadi,genba sopanrao moze college of engineering balewadi
Savitribai Phule Pune University,aissms college of engineering pune
Engineering college,aissms college of engineering pune
GS Moze college of Engineering  Balewadi,genba sopanrao moze college of engineering balewadi
Genba sopanrao moze college of engineering balewadi,genba sopanrao moze college of engineering balewadi
Moze college,genba sopanrao moze college of engineering balewadi
Genba Sopanrao Moze College of Engineering,genba sopanrao moze college of engineering balewadi
Genba Sopanrao Moze College Of Engineering Pune,genba sopanrao moze college of engineering balewadi
G.S. Moze COE. Balewadi  Pune,genba sopanrao moze college of engineering balewadi
Genba Sopanra Moze College of Engineering Pune,genba sopanrao moze college of engineering balewadi
GSMCOE,genba sopanrao moze college of engineering balewadi
genba sopnrao moze college of engineering,genba sopanrao moze college of engineering balewadi
Aissms college of engineering,aissms college of engineering pune
G S Moze college of Engineering balewadi,genba sopanrao moze college of engineering balewadi
GS Moze College of Engineering,genba sopanrao moze college of engineering balewadi
Genba Sopanrao Moze College Of Engineering,genba sopanrao moze college of engineering balewadi
Aissmscoe,aissms college of engineering pune
G . S. Moze college,genba sopanrao moze college of engineering balewadi
Sppu,aissms college of engineering pune
All India shri shivaji maharaj memorial society  college of engineering,aissms college of engineering pune
AISSMS,aissms college of engineering pune
Genba Sopanrao Moze College of Engineering Balewadi,genba sopanrao moze college of engineering balewadi
G S M C O E balewadi,genba sopanrao moze college of engineering balewadi
GSMCOE,genba sopanrao moze college of engineering balewadi
Genba sopanrao Moze College of engineering  Balewadi pune,genba sopanrao moze college of engineering balewadi
All India Shri Shivaji Memorial Society(AISSMS),aissms college of engineering pune
Genba sopanrao moze college of Engineering Pune,genba sopanrao moze college of engineering balewadi
Savitraibai Phule University Pune,aissms college of engineering pune
AISSMS COE PUNE,aissms college of engineering pune
G S Moze College of Engineering Balewadi,genba sopanrao moze college of engineering balewadi
AISSMS,aissms college of engineering pune
GSMCOE,genba sopanrao moze college of engineering balewadi
AISSMS College of Engineering,aissms college of engineering pune
AISSMS COE,aissms college of engineering pune
G S Moze college of Engineering balewadi Pune,genba sopanrao moze college of engineering balewadi
AISSMS college of Engineering,aissms college of engineering pune
G.S.Moze College Balewadi,genba sopanrao moze college of engineering balewadi
Sppu,aissms college of engineering pune
G.S.Moze College of Engineering Balewadi pune,genba sopanrao moze college of engineering balewadi
Genba sopanrao moze college of engineering,genba sopanrao moze college of engineering balewadi
G.S.Moze college of Engineering Balewadi pune,genba sopanrao moze college of engineering balewadi
G.S.Moze. college of engineering  balewadi,genba sopanrao moze college of engineering balewadi
Genba sopan moze collage of engineering,genba sopanrao moze college of engineering balewadi
Genba Sopanrao Moze College of engineering,genba sopanrao moze college of engineering balewadi
G.S.Moze college of Engineering,genba sopanrao moze college of engineering balewadi
All India Shree shivaji memorial society college of engineering Pune,aissms college of engineering pune
AISSMS,aissms college of engineering pune
Genba sopanrao moze of engineering,genba sopanrao moze college of engineering balewadi
Genba Sopanrao Moze College of Engineering,genba sopanrao moze college of engineering balewadi
Genba sopanrao moze college of engineering,genba sopanrao moze college of engineering balewadi
G. S. Moze College Of Engineering,genba sopanrao moze college of engineering balewadi
Genba sopanrao moze college of engineering  balewadi pune,genba sopanrao moze college of engineering balewadi
AISSMS COLLEGE OF ENGINEERING,aissms college of engineering pune
Ganba sopanrao maze college of engineering,aissms college of engineering pune
Genba Sopanrao Moze college of engineering,genba sopanrao moze college of engineering balewadi
Aissms coe,aissms college of engineering pune
G S moze college of engineering balewadi,genba sopanrao moze college of engineering balewadi
Genba Sopanrao Moze Collage OF Engineering  Balewadi  Pune,genba sopanrao moze college of engineering balewadi
GS moze college of Engineering balewadi pune,genba sopanrao moze college of engineering balewadi
Genba sopanrav moze college of engineering,genba sopanrao moze college of engineering balewadi
Genba Sopanrao Moze College of Engineering Balewadi,genba sopanrao moze college of engineering balewadi
Genba Sopanrao Moze College of Engineering   Balewadi   pune .,genba sopanrao moze college of engineering balewadi
All India Shri Shivaji Memorial Society College COE,aissms college of engineering pune
G S Moze College of Engineering  Balewadi Pune 45,genba sopanrao moze college of engineering balewadi
Genba Sopanrao Moze College of engineering,genba sopanrao moze college of engineering balewadi
Genba Sopanrao Moze College of Engineering   Balewadi   Pune,genba sopanrao moze college of engineering balewadi
Genba Sopanrao Moze college of engineering  baner- balewadi  Pune,genba sopanrao moze college of engineering balewadi
Genba moze collage of engineering Balewadi,genba sopanrao moze college of engineering balewadi
Gyanba Sopanrav Moze College of Engineering Balewadi Pune,genba sopanrao moze college of engineering balewadi
G.S.Moze college of engineering,genba sopanrao moze college of engineering balewadi
AISSMS COE,aissms college of engineering pune
AISSMS-COE,aissms college of engineering pune
G.S.Moze college of engineering Pune,genba sopanrao moze college of engineering balewadi
Aissms Coe,aissms college of engineering pune
AISSMS COE,aissms college of engineering pune
AISSMS COE,aissms college of engineering pune
AISSMS COE,aissms college of engineering pune
AISSMS,aissms college of engineering pune
AISSMS,aissms college of engineering pune
AISSMS COE,aissms college of engineering pune
AISSMSCOE,aissms college of engineering pune
AISSMS,aissms college of engineering pune
AISSMS  COE,aissms college of engineering pune
AISSMS COE,aissms college of engineering pune
Sppu,aissms college of engineering pune
AISSMS COE,aissms college of engineering pune
Aissms,aissms college of engineering pune
AISSMS,aissms college of engineering pune
AISSMS COE,aissms college of engineering pune
Genba Sopanrao Moze College of Engineering,genba sopanrao moze college of engineering balewadi
AISSMS  COE,aissms college of engineering pune
AISSMS,aissms college of engineering pune
AISSMSCOE Pune,aissms college of engineering pune
AISSMS COE,aissms college of engineering pune
GS Moze Coe,genba sopanrao moze college of engineering balewadi
SPPU,aissms college of engineering pune
Sppu AISSMS coe,aissms college of engineering pune
AISSMS COLLEGE OF ENGINEERING,aissms college of engineering pune
AISSMS COE,aissms college of engineering pune
G.S.Moze college of engineering Pune,genba sopanrao moze college of engineering balewadi
Genba sopanrao moze college of engineering,genba sopanrao moze college of engineering balewadi
AISSMS COE PUNE,aissms college of engineering pune
Genba Sopanrao Moze College of Engineering  Balewadi,genba sopanrao moze college of engineering balewadi
AISSMS COLLEGE OF ENGINEERING,aissms college of engineering pune
AISSMS COE,aissms college of engineering pune
All india shri shivaji memorial Society's College of Engineering,aissms college of engineering pune
SPPU,aissms college of engineering pune
AISSMS COE,aissms college of engineering pune
Genba Sopanrao Moze Collage of Engineering Balewadi,genba sopanrao moze college of engineering balewadi
Genba sopnrov moze clg of engineering balewadi,genba sopanrao moze college of engineering balewadi
Aissms coe  pune,aissms college of engineering pune
AISSMS COE,aissms college of engineering pune
Aissmscoe,aissms college of engineering pune
Genba sopanrao moze cllg of engineering,genba sopanrao moze college of engineering balewadi
GS Moze engineering college pune,genba sopanrao moze college of engineering balewadi
G.S.Moze College of Engineering,genba sopanrao moze college of engineering balewadi
All Indian Shri shivaji memorial,aissms college of engineering pune
AISSMS COE PUNE,aissms college of engineering pune
AISSMS COLLEGE OF ENGINEERING,aissms college of engineering pune
AISSMS COE,aissms college of engineering pune
G. S. Moze college of engineering,genba sopanrao moze college of engineering balewadi
AISSMS COE,aissms college of engineering pune
AISSMS COE,aissms college of engineering pune
AISSMS COLLEGE OF ENGINEERING PUNE,aissms college of engineering pune
All India Shree Shivaji Memorial society's college of engineering,aissms college of engineering pune
Aissms Coe,aissms college of engineering pune
Genba sopanroa moze clg of engineer (sppu - affilated),genba sopanrao moze college of engineering balewadi
AISSMS COE,aissms college of engineering pune
AISSMS COE Pune,aissms college of engineering pune
AISSMS college of enginering  pune,aissms college of engineering pune
AISSMS COE Pune,aissms college of engineering pune
AISSMS COE,aissms college of engineering pune
AISSMS COE PUNE,aissms college of engineering pune
AISSMS COE,aissms college of engineering pune
AISSMS COE,aissms college of engineering pune
Aissms Coe,aissms college of engineering pune
AISSMSCOE  Pune.,aissms college of engineering pune
AISSMS,aissms college of engineering pune
Aissms College of Engineering  Pune,aissms college of engineering pune
AISSMS COE  Pune.,aissms college of engineering pune
AISSMS COE,aissms college of engineering pune
AISSMS College of engineering,aissms college of engineering pune
AISSMSCOE PUNE,aissms college of engineering pune
Aissms coe,aissms college of engineering pune
AISSMS COLLEGE OF ENGINEERING,aissms college of engineering pune
Aissms,aissms college of engineering pune
AISSMS COE  PUNE,aissms college of engineering pune
AISSMS COE,aissms college of engineering pune
AISSMS COE PUNE,aissms college of engineering pune
AISSMS COE,aissms college of engineering pune
AISSMS COE,aissms college of engineering pune
AISSMS College of Engineering  Pune-01,aissms college of engineering pune
AISSMS COE PUNE.,aissms college of engineering pune
AISSMS COE,aissms college of engineering pune
9420458042,aissms college of engineering pune
AISSMS College of Engineering  Pune,aissms college of engineering pune
AISSMS COE PUNE,aissms college of engineering pune
AISSMS college of engineering pune,aissms college of engineering pune
All India Shree Shivaji Memorial COE,aissms college of engineering pune
Aissms college of engineering,aissms college of engineering pune
AISSMS COE  Pune,aissms college of engineering pune
AISSMS COE pune,aissms college of engineering pune
AISSMS COLLEGE OF ENGINEERING PUNE,aissms college of engineering pune
Aissms college of engineering,aissms college of engineering pune
AISSMS COE,aissms college of engineering pune
Aissms coe,aissms college of engineering pune
Aissms Coe  Pune,aissms college of engineering pune
AISSMS COE Pune,aissms college of engineering pune
Aissms college of engineering,aissms college of engineering pune
AISSMS COE  Pune,aissms college of engineering pune
AISSMS COE,aissms college of engineering pune
Aissms coe Pune,aissms college of engineering pune
AISSMS COE,aissms college of engineering pune
Aissmscoe,aissms college of engineering pune
Aismms coe,aissms college of engineering pune
AISSMS COE,aissms college of engineering pune
AISSMS COE,aissms college of engineering pune
AISSMS College of Engineering pune,aissms college of engineering pune
AISSMS COE,aissms college of engineering pune
AISSMS,aissms college of engineering pune
AISSMS COE,aissms college of engineering pune
Aissms Shivajinagar Pune,aissms college of engineering pune
Aissms coe,aissms college of engineering pune
Yashwantrao chavan Institute of polytechnic beed,aissms college of engineering pune
Aissms COE,aissms college of engineering pune
All India Shree Shivaji Memorial Societies College of engineering pune,aissms college of engineering pune
Aissms coe pune,aissms college of engineering pune
Aissms coe,aissms college of engineering pune
All India Shree Shivaji Memorial Society College Of Engineering Pune,aissms college of engineering pune
Aissms Coe,aissms college of engineering pune
Aissms coe,aissms college of engineering pune
AISSMS College Of Engineering,aissms college of engineering pune
Aissms,aissms college of engineering pune
AISSMS COE,aissms college of engineering pune
Aissms coe,aissms college of engineering pune
AISSMS college of engineering pune,aissms college of engineering pune
AISSMS COE,aissms college of engineering pune
Aissms Coe,aissms college of engineering pune
AISSMS COE,aissms college of engineering pune
AISSMS COE,aissms college of engineering pune
AISSMS COE PUNE,aissms college of engineering pune
Genba Sopanrao Moze College Of Engineering Balwadkar Pune,genba sopanrao moze college of engineering balewadi
Genba Sopanrao Moze College of Engineering  Baner-Balewadi   Pune,genba sopanrao moze college of engineering balewadi
AISSMS COE,aissms college of engineering pune
AISSMS COE,aissms college of engineering pune
AISSMS COE,aissms college of engineering pune
All INDIA SHREE SIWAJI MEMORIAL SOCIETY College of engineering pune,aissms college of engineering pune
Aissms college engineering,aissms college of engineering pune
AISSMS COE  Pune,aissms college of engineering pune
AISSMS COE,aissms college of engineering pune
AISSMSCOE,aissms college of engineering pune
Aissms Coe,aissms college of engineering pune
AISSMS College of engineering,aissms college of engineering pune
Aissms,aissms college of engineering pune
AISSMS COE  Pune,aissms college of engineering pune
Aissms.coe,aissms college of engineering pune
AISSMS COE,aissms college of engineering pune
Aissms Cow Pune,aissms college of engineering pune
Gsmcoe,genba sopanrao moze college of engineering balewadi
AISSMS College of Engineering,aissms college of engineering pune
Aissms College of engineering Pune,aissms college of engineering pune
AISSMS College of Engineering,aissms college of engineering pune
GSM COE  Balewadi,genba sopanrao moze college of engineering balewadi
Aissms coe,aissms college of engineering pune
AISSMS COLLEGE OF ENGINEERING,aissms college of engineering pune
AISSMS COE  Pune,aissms college of engineering pune
AISSMS COE,aissms college of engineering pune
AISSMS COE,aissms college of engineering pune
AISSMS College of Engineering,aissms college of engineering pune
AISSMS COE Pune,aissms college of engineering pune
AISSMS COE,aissms college of engineering pune
Aissms college of engineering pune,aissms college of engineering pune
AISSMS COE,aissms college of engineering pune
AISSMS College of Engineering,aissms college of engineering pune
AISSMS COE,aissms college of engineering pune
AISSMS COE PUNE,aissms college of engineering pune
AISSMSCOE,aissms college of engineering pune
Aissms coe pune,aissms college of engineering pune
AISSMS college of engineering,aissms college of engineering pune
AISSMS COE,aissms college of engineering pune
AISSMS College Of Engineering Pune,aissms college of engineering pune
AISSMS COE,aissms college of engineering pune
AISSMS COE PUNE,aissms college of engineering pune
AISSMS College of Engineering,aissms college of engineering pune
AISSMSCOE,aissms college of engineering pune
Aissms College of Engineering Pune,aissms college of engineering pune
All India Shri Shivaji Memorial Societies College of engineering Pune,aissms college of engineering pune
AISSMS COE,aissms college of engineering pune
AISSMS College of Engineering  Pune,aissms college of engineering pune
AISSMS COE,aissms college of engineering pune
AISSMS College of Engineering,aissms college of engineering pune
Aissms coe pune,aissms college of engineering pune
Aissms COE,aissms college of engineering pune
AISSMS COE,aissms college of engineering pune
AISSMS COE,aissms college of engineering pune
All India Shri Shivaji Memorial Society College of Engineering,aissms college of engineering pune
AISSMS College of Engineering  Pune,aissms college of engineering pune
Aissms COE,aissms college of engineering pune
AISSMS COE,aissms college of engineering pune
AISSMS COE PUNE,aissms college of engineering pune
AISSMS COE PUNE,aissms college of engineering pune
AISSMS COE   Pune,aissms college of engineering pune
AISSMSCOE,aissms college of engineering pune
AISSMSCOE,aissms college of engineering pune
AISSMS COE PUNE,aissms college of engineering pune
AISSMS COE PUNE,aissms college of engineering pune
Aissms Coe,aissms college of engineering pune
AISSMS COE,aissms college of engineering pune
All India Shri Shivaji Memorial Societyâ€™s College of Engineering  Pune,aissms college of engineering pune
AISSMSCOE,aissms college of engineering pune
Aissms coe pune,aissms college of engineering pune
AISSMS COE,aissms college of engineering pune
AISSMS COE,aissms college of engineering pune
AISSMS COE,aissms college of engineering pune
AISSMS COE,aissms college of engineering pune
AISSMS COLLEGE OF ENGINEERING,aissms college of engineering pune
Aissms coe,aissms college of engineering pune
AISSMS COE,aissms college of engineering pune
AISSMS COE,aissms college of engineering pune
AISSMS COE,aissms college of engineering pune
AISSMS COE PUNE,aissms college of engineering pune
AISSMSCOE Pune,aissms college of engineering pune
AISSMS College of Engineering Pune,aissms college of engineering pune
AISSMS College of engineering,aissms college of engineering pune
Aissms coe,aissms college of engineering pune
AISSMS College of Engineering,aissms college of engineering pune
AISSMS College of Engineering Pune,aissms college of engineering pune
GS Moze clg of engineering balewadi pune,genba sopanrao moze college of engineering balewadi
AISSMS College of Engineering,aissms college of engineering pune
Aissms coe,aissms college of engineering pune
Aissms coe,aissms college of engineering pune
AISSMS College of Engineering Pune,aissms college of engineering pune
Aissms coe,aissms college of engineering pune
All India Shri Shivaji memorial society college of engineering pune,aissms college of engineering pune
AISSMS COE,aissms college of engineering pune
AISSMS COE,aissms college of engineering pune
All India Shri Shivaji Memorial Society's College of Engineering,aissms college of engineering pune
Aissms coe pune,aissms college of engineering pune
AISSMS College of engineering  Pune,aissms college of engineering pune
AISSMS COE,aissms college of engineering pune
AISSMS COE,aissms college of engineering pune
G S Moze College of engineering balewadi,genba sopanrao moze college of engineering balewadi
AISSMS COE,aissms college of engineering pune
AISSMS college of Engineering,aissms college of engineering pune
AISSMS COE pune (SPPU),aissms college of engineering pune
gsmcoe pune,genba sopanrao moze college of engineering balewadi
AISSMS COE,aissms college of engineering pune
Aissms  COE,aissms college of engineering pune
Aissms college of engineering,aissms college of engineering pune
Aissms College of Engineering,aissms college of engineering pune
Genba Sopanrao Moze College of Engineering,genba sopanrao moze college of engineering balewadi
All India Shree Shivaji Memorial Society's Collage of Engineering,aissms college of engineering pune
AISSMS COE,aissms college of engineering pune
AISSMS college of engineering,aissms college of engineering pune
AISSMS COE,aissms college of engineering pune
Genba Sopanrao Moze College Of Engineering  Balewadi,genba sopanrao moze college of engineering balewadi
AISSMS College of Engineering,aissms college of engineering pune
GSMCOE Balewadi Pune,genba sopanrao moze college of engineering balewadi
AISSMS,aissms college of engineering pune
AISSMS COE,aissms college of engineering pune
AISSMS College of engineering,aissms college of engineering pune
AISSMS COLLEGE OF ENGINEERING,aissms college of engineering pune
AISSMS Collage Of Engineering,aissms college of engineering pune
GSMCOE,genba sopanrao moze college of engineering balewadi
Genba sopanrao moze college of engineering pune,genba sopanrao moze college of engineering balewadi
Geneba sopanarao moze  balewadi pune,genba sopanrao moze college of engineering balewadi
AISSMS COE,aissms college of engineering pune
AISSMS COE,aissms college of engineering pune
AISSMS College of Engineering Pune,aissms college of engineering pune
Savitribai phule pune university,aissms college of engineering pune
Genba Sopanro Moze   SPPU,genba sopanrao moze college of engineering balewadi
Aissms Coe Pune.,aissms college of engineering pune
AISSMS COE,aissms college of engineering pune
Ganeba Sopanrao Moje college of Engineering,aissms college of engineering pune
Genba Sopanrao Moze College of Engineering,genba sopanrao moze college of engineering balewadi
GSMCOE  Balewadi  Pune,genba sopanrao moze college of engineering balewadi
AISSMS COE pune,aissms college of engineering pune
AISSMS,aissms college of engineering pune
AISSMS COE,aissms college of engineering pune
AISSMS COE,aissms college of engineering pune
Aissms college of engineering  Pune,aissms college of engineering pune
AISSMS COE,aissms college of engineering pune
AISSMS COE,aissms college of engineering pune
Aissms coe pune,aissms college of engineering pune
AISSMS COE,aissms college of engineering pune
Aissms coe,aissms college of engineering pune
AISSMS COLLEGE OF ENGINEERING,aissms college of engineering pune
AISSMS COE PUNE,aissms college of engineering pune
Aissms coe,aissms college of engineering pune
AISSMS COLLEGE OF ENGINEERING,aissms college of engineering pune
AISSMS COE,aissms college of engineering pune
Aissms coe  pune,aissms college of engineering pune
AISSMS COLLEGE OF ENGINEERING PUNE,aissms college of engineering pune
AISSMS COE Pune,aissms college of engineering pune
AISSMS COE,aissms college of engineering pune
AISSMS COLLEGE OF ENGINEERING,aissms college of engineering pune
AISSMS COE,aissms college of engineering pune
AISSMS,aissms college of engineering pune
AISSMS College Of Engineering,aissms college of engineering pune
GSMCOE,genba sopanrao moze college of engineering balewadi
AISSMS COE,aissms college of engineering pune
AISSMS COE,aissms college of engineering pune
AISSMS COLLEGE OF ENGINEERING PUNE,aissms college of engineering pune
AISSMS COR,aissms college of engineering pune
AISSMS,aissms college of engineering pune
AISSMS COLLEGE OF ENGINEERING PUNE,aissms college of engineering pune
Aissms coe,aissms college of engineering pune
Aissms,aissms college of engineering pune
AISSMS College of engineering,aissms college of engineering pune
AISSMS COE PUNE,aissms college of engineering pune
Aissms coe pune,aissms college of engineering pune
AISSMS Coe pune,aissms college of engineering pune
AISSMS college of engineering Pune,aissms college of engineering pune
All India Shree Shivaji Memorial Society's College of Engineering pune,aissms college of engineering pune
AISSMS,aissms college of engineering pune
Genba sopanrao moze balewadi,genba sopanrao moze college of engineering balewadi
Aissms coe,aissms college of engineering pune
AISSMS COE PUNE,aissms college of engineering pune
Aissms college of engineering  pune,aissms college of engineering pune
AISSMS COE,aissms college of engineering pune
AISSMS COE,aissms college of engineering pune
AISSMS COE Pune,aissms college of engineering pune
All India Shree Shivaji Memorial  Society  College of engineering,aissms college of engineering pune
AISSMSCOE,aissms college of engineering pune
AISSMS COE,aissms college of engineering pune
AISSMS,aissms college of engineering pune
AISSMS   COE PUNE,aissms college of engineering pune
Aissms College of engineering  Pune,aissms college of engineering pune
AISSMS-COE,aissms college of engineering pune
AISSMS COE,aissms college of engineering pune
AISSMS COE Pune,aissms college of engineering pune
AISSMS college of engineering,aissms college of engineering pune
AISSMS COE  PUNE,aissms college of engineering pune
AISSMS COE PUNE,aissms college of engineering pune
AISSMS PUNE,aissms college of engineering pune
Aissms coe pune,aissms college of engineering pune
AISSMS,aissms college of engineering pune
AISSMS COLLEGE OF ENGINEERING,aissms college of engineering pune
AISSMS,aissms college of engineering pune
AISSMS college of engineering,aissms college of engineering pune
AISSMS COE  PUNE,aissms college of engineering pune
AISSMS,aissms college of engineering pune
AISSMS COE PUNE,aissms college of engineering pune
AISSMS COE Pune,aissms college of engineering pune
AISSMS COE,aissms college of engineering pune
Lnct bhopal,lakshmi narayan college of technology and science bhopal
LNCTS,lakshmi narayan college of technology and science bhopal
AISSMS COE,aissms college of engineering pune
L.N.C.T&S,lakshmi narayan college of technology and science bhopal
LNCT group of colleges,lakshmi narayan college of technology and science bhopal
Lakshmi Narayan technology of college and science,lakshmi narayan college of technology and science bhopal
Lakshmi Narain College of Technology and Science Bhopal,lakshmi narayan college of technology and science bhopal
lncts,lakshmi narayan college of technology and science bhopal
AISSMS COE PUNE,aissms college of engineering pune
AISSMS COE,aissms college of engineering pune
AISSMS COE,aissms college of engineering pune
AISSMS COLLEGE OF ENGINEERING,aissms college of engineering pune
Lakshmi Narain College of Technology and Science,lakshmi narayan college of technology and science bhopal
AISSMS COLLEGE OF ENGINEERING,aissms college of engineering pune
AISSMS college of engineering,aissms college of engineering pune
Aissms coe,aissms college of engineering pune
AISSMSCOE,aissms college of engineering pune
AISSMS COE Pune,aissms college of engineering pune
Aissms coe pune,aissms college of engineering pune
AISSMS coe pune,aissms college of engineering pune
Lakshmi Narain college of technology and science,lakshmi narayan college of technology and science bhopal
All India Shri shivaji memorial society college of engineering,aissms college of engineering pune
AISSMS COE PUNE,aissms college of engineering pune
LNCT & S,lakshmi narayan college of technology and science bhopal
AISSMS COE PUNE,aissms college of engineering pune
AISSMS COE PUNE,aissms college of engineering pune
Lakshmi Narain College Of Technology & Science,lakshmi narayan college of technology and science bhopal
Lakshmi Narain College of technology and science Bhopal,lakshmi narayan college of technology and science bhopal
Lakshmi narain college of technology & science,lakshmi narayan college of technology and science bhopal
AISSMS COE pune,aissms college of engineering pune
Lakshmi Narain college of technology and science,lakshmi narayan college of technology and science bhopal
AISSMS COLLEGE OF ENGINEERING,aissms college of engineering pune
LNCTS,lakshmi narayan college of technology and science bhopal
AISSMS College of engineering,aissms college of engineering pune
AISSMS COE,aissms college of engineering pune
Aissms College of Engineering,aissms college of engineering pune
AISSMS COE,aissms college of engineering pune
Aissms,aissms college of engineering pune
Aissms College,aissms college of engineering pune
AISSMS COE,aissms college of engineering pune
All India Shri Shivaji Memorials Society COE,aissms college of engineering pune
Lakshmi narayan college of technology and science,lakshmi narayan college of technology and science bhopal
Lakshmi narain college of technology and science,lakshmi narayan college of technology and science bhopal
AISSMS COLLEGE OF ENGINEERING PUNE,aissms college of engineering pune
All india Shri shivaji memorial society Pune,aissms college of engineering pune
AlSSMS College of engineering pune,aissms college of engineering pune
AISSMS COLLEGE OF ENGINEERING PUNE,aissms college of engineering pune
AISSMS   COE,aissms college of engineering pune
LNCTS,lakshmi narayan college of technology and science bhopal
AISSMS COE PUNE,aissms college of engineering pune
AISSMS COE  Pune,aissms college of engineering pune
Aissms College of engineering  pune,aissms college of engineering pune
AISSMS COE PUNE,aissms college of engineering pune
AISSMS COE  PUNE  MAHARASHTRA,aissms college of engineering pune
AISSMS College of Engineering,aissms college of engineering pune
AISSMS PUNE,aissms college of engineering pune
SPPU,aissms college of engineering pune
AISSMS COE,aissms college of engineering pune
AISSMS COE,aissms college of engineering pune
Aissms coe,aissms college of engineering pune
Aissms Coe,aissms college of engineering pune
AISSMS,aissms college of engineering pune
AISSMS COE,aissms college of engineering pune
AISSMS,aissms college of engineering pune
AISSMS COE PUNE,aissms college of engineering pune
AISSMS COE,aissms college of engineering pune
All India Shri Shivaji Memorial Society College of engineering,aissms college of engineering pune
Savitribai Phule Pune University,aissms college of engineering pune
GS Moze College of Engineering,genba sopanrao moze college of engineering balewadi
Savitribai Phule Pune University,aissms college of engineering pune
Genba Sopanrao Moze College of Engineering Balewadi Pune.,genba sopanrao moze college of engineering balewadi
Genba Sopanrao Moze,genba sopanrao moze college of engineering balewadi
GSMCOE,genba sopanrao moze college of engineering balewadi
GENBA SOPANRAO MOZE COLLEGE OF ENGINEERING,genba sopanrao moze college of engineering balewadi
G.S. Moze college of engineering,genba sopanrao moze college of engineering balewadi
Genba sopanrao moze college of engineering  balewadi,genba sopanrao moze college of engineering balewadi
genba sopanrao moze college of engineering baner-balewadi pune,genba sopanrao moze college of engineering balewadi
GS Moze College of engineering,genba sopanrao moze college of engineering balewadi
genba sopanrao moze college of engineering,genba sopanrao moze college of engineering balewadi
AISSMS COE,aissms college of engineering pune
Genba sopanrao moze college of engineering  Balewadi,genba sopanrao moze college of engineering balewadi
Genba Sopanrao Moze COE Balewadi,genba sopanrao moze college of engineering balewadi
Genba Sopanrao moze college of balewadi,genba sopanrao moze college of engineering balewadi
Moze college,genba sopanrao moze college of engineering balewadi
SPPU,aissms college of engineering pune
GSMCOE,genba sopanrao moze college of engineering balewadi
Gmcoe pune,aissms college of engineering pune
Genba Sopanarao Moze college of engineering balewadi pune,genba sopanrao moze college of engineering balewadi
SPPU,aissms college of engineering pune
Genba sopanrau moze college of engineering pune,genba sopanrao moze college of engineering balewadi
g.s moze,genba sopanrao moze college of engineering balewadi
Genba Sopanrao Moze College Of Engineering Balewadi,genba sopanrao moze college of engineering balewadi
G s moze college,genba sopanrao moze college of engineering balewadi
GSMCOE,genba sopanrao moze college of engineering balewadi
Genba sopanrao Moze College of engineering  Balewadi pune,genba sopanrao moze college of engineering balewadi
GSMCOE,genba sopanrao moze college of engineering balewadi
GSM college of engineering,genba sopanrao moze college of engineering balewadi
Genba Sopanrao Moze College of engineering Balewadi Baner,genba sopanrao moze college of engineering balewadi
Genba Sopanrao Moze College of Engineering Balewadi Pune,genba sopanrao moze college of engineering balewadi
G.S MOZE COLLEGE OF ENGINEERING,genba sopanrao moze college of engineering balewadi
GS Moze College Balewadi,genba sopanrao moze college of engineering balewadi
Genba Sopanrao Moze College of Engineering Balewadi,genba sopanrao moze college of engineering balewadi
GSMCOE,genba sopanrao moze college of engineering balewadi
G S Moze Collage of Enginnering balewadi,genba sopanrao moze college of engineering balewadi
GS Moze College of engineering,genba sopanrao moze college of engineering balewadi
Genba sopanrao moze college of Engineering,genba sopanrao moze college of engineering balewadi
Geneva Sopanrao Moze Balewadi  Pune,genba sopanrao moze college of engineering balewadi
Genba Sopanrao Moze College of engineering Pune  Balewadi,genba sopanrao moze college of engineering balewadi
Ganba sopanraw moze college of engineering balewadi,genba sopanrao moze college of engineering balewadi
Genba sopanrao moze college of engineering balewadi,genba sopanrao moze college of engineering balewadi
Genba sopanrao moze college of engineering pune,genba sopanrao moze college of engineering balewadi
Genba Sopanrao Moze College of Engineering Balewadi Pune,genba sopanrao moze college of engineering balewadi
Genba Sopanrao moze college of engineering,genba sopanrao moze college of engineering balewadi
Genba sopanrao mozd college of engineering Pune.,genba sopanrao moze college of engineering balewadi
G.S.moze college of engineering balewadi,genba sopanrao moze college of engineering balewadi
Genba Sopanrao Moze College of Engineering  Balewadi  Pune,genba sopanrao moze college of engineering balewadi
G.S. Moze College of engineering,genba sopanrao moze college of engineering balewadi
G.S Moze College of engineering,genba sopanrao moze college of engineering balewadi
GS Moze College of Engineering  Balewadi Pune,genba sopanrao moze college of engineering balewadi
Genba sopanrao moze college of engineering  balewadi  pune,genba sopanrao moze college of engineering balewadi
All India Shri Shivaji memorial society,aissms college of engineering pune
AISSMS COE PUNE,aissms college of engineering pune
Genba Sopanrao Moze College of Engineering,genba sopanrao moze college of engineering balewadi
AISSMS COE,aissms college of engineering pune
G. S. Moze. College of engineering  balewadi,genba sopanrao moze college of engineering balewadi
Genba sopanrao moze balewadi,genba sopanrao moze college of engineering balewadi
AISSMS COE PUNE,aissms college of engineering pune
All India Shri Shivaji Memorial Society's College of Engineering,aissms college of engineering pune
AISSMS COE  Pune,aissms college of engineering pune
Genba Sopanrao Moze Collage of Engineering balewadi,genba sopanrao moze college of engineering balewadi
Aissmscoe,aissms college of engineering pune
AISSMS COE Pune,aissms college of engineering pune
Genba Sopanrao Moze College of engineering  Balewadi,genba sopanrao moze college of engineering balewadi
AISSMS,aissms college of engineering pune
Genba sopanrao moze college of engineering balewadi,genba sopanrao moze college of engineering balewadi
All India Shri Shivaji Memorial Society College of Engineering gineering,aissms college of engineering pune
Genba Sopanrao Moze College Of Engineering,genba sopanrao moze college of engineering balewadi
Savitribai Phule Pune University,aissms college of engineering pune
Genba sopanrao moze balewadi,genba sopanrao moze college of engineering balewadi
Aissms college of engineering pune,aissms college of engineering pune
Sppu  GS Moze college of engineering pune,genba sopanrao moze college of engineering balewadi
Genba sopanrao moze college of engineering balewadi,genba sopanrao moze college of engineering balewadi
Gsmcoe,genba sopanrao moze college of engineering balewadi
AISSMS - COE PUNE,aissms college of engineering pune
Gamba moze college of engineering balewadi pune,genba sopanrao moze college of engineering balewadi
AISSMS College of Engineering pune,aissms college of engineering pune
Genba Sopanrao Moze College of Engineering Balewadi,genba sopanrao moze college of engineering balewadi
Genba sopanrao moze college of engineering  balewadi pune,genba sopanrao moze college of engineering balewadi
Genba sopanrao moze college of Engineering,genba sopanrao moze college of engineering balewadi
Genba sopanrav moze college of engineering,genba sopanrao moze college of engineering balewadi
Genba Sopanrao Moze College Of Engineering,genba sopanrao moze college of engineering balewadi
GS moze college of Engineering balewadi pune,genba sopanrao moze college of engineering balewadi
Genba Sopanroa Moze College of engineering,genba sopanrao moze college of engineering balewadi
Genba sopanrao moze college of engineering,genba sopanrao moze college of engineering balewadi
GSMCOE,genba sopanrao moze college of engineering balewadi
Sppu,aissms college of engineering pune
All india shri shivaji memorial society college of engineering pune,aissms college of engineering pune
Genba sopanrao moze college of engineering  balewadi pune,genba sopanrao moze college of engineering balewadi
Savitribai Phule Pune University,aissms college of engineering pune
G.S moze  balewadi,genba sopanrao moze college of engineering balewadi
Genba Sopanrao Moze College Of Engineering Pune  Balewadi,genba sopanrao moze college of engineering balewadi
Genba Sopanrao Moze College of Engineering Balewadi,genba sopanrao moze college of engineering balewadi
Pune university,aissms college of engineering pune
G.S.Moze college of engineering  balewadi   pune,genba sopanrao moze college of engineering balewadi
Genba Sopanrao Moze College of Engineering  Balewadi,genba sopanrao moze college of engineering balewadi
Genba Sopanrao Moze College Of Engineering,genba sopanrao moze college of engineering balewadi
GS. Moze COE,genba sopanrao moze college of engineering balewadi
GSMCOE balewadi,genba sopanrao moze college of engineering balewadi
Genba Sopanrao Moze College of Engineering,genba sopanrao moze college of engineering balewadi
Gyanba Sopanrao moze college of engineering  Balewadi,genba sopanrao moze college of engineering balewadi
Genba Sopanrao Moze collage of engineering,genba sopanrao moze college of engineering balewadi
GS Moze COE,genba sopanrao moze college of engineering balewadi
Genba Sopanrao Moze College of Engineering Balewadi-Baner Pune,genba sopanrao moze college of engineering balewadi
Genda Sopanrao Moze College Of Engineering,genba sopanrao moze college of engineering balewadi
Genba sopanrav moze engineering clg,genba sopanrao moze college of engineering balewadi
Genba Sopanrao Moze College of engineering Pune,genba sopanrao moze college of engineering balewadi
Genba Sopanrav Moze College Of Engineering Balewadi-Baner   Pune.,genba sopanrao moze college of engineering balewadi
Genba Sopanrao Moze college of Engineering  Balewadi-Baner  Pune.,genba sopanrao moze college of engineering balewadi
G s moje,aissms college of engineering pune
Genba sopanrao Moze college of engineering pune,genba sopanrao moze college of engineering balewadi
Genba Sopanrao Moze College of Engineering  Balewadi,genba sopanrao moze college of engineering balewadi
Genba Sopanrao Moze Collage of Engineering  Balewadi  Pune,genba sopanrao moze college of engineering balewadi
GSMCOE Pune,genba sopanrao moze college of engineering balewadi
Genba sopanrao moze college of engineering,genba sopanrao moze college of engineering balewadi
Genba Sopanrao moze college of engineering,genba sopanrao moze college of engineering balewadi
Genba Sopanrao Moze College of engineering  balewadi,genba sopanrao moze college of engineering balewadi
Genba sopanrav moze college of engineering pune,genba sopanrao moze college of engineering balewadi
Gsmcoe,genba sopanrao moze college of engineering balewadi
GS moze college of Engineering Balewadi,genba sopanrao moze college of engineering balewadi
Genba sopanrao moze College of engineering balewadi,genba sopanrao moze college of engineering balewadi
G.S.Moze college of Engineering  Balewadi.,genba sopanrao moze college of engineering balewadi
Savitribai phule pune university pune,aissms college of engineering pune
Genba Sopanarao Moze College,genba sopanrao moze college of engineering balewadi
GSMCOE,genba sopanrao moze college of engineering balewadi
Genba sopanrao moze college of engineering balewadi,genba sopanrao moze college of engineering balewadi
Sppu,aissms college of engineering pune
GSMCOEP,genba sopanrao moze college of engineering balewadi
Genba Sopanrao moze college of engineering,genba sopanrao moze college of engineering balewadi
Genba sopanrao moze college of engineering Pune,genba sopanrao moze college of engineering balewadi
Gs moze college of engineering pune,genba sopanrao moze college of engineering balewadi
G S MOZE COLLEGE OF ENGINEERING  BALEWADI  PUNE,genba sopanrao moze college of engineering balewadi
G S Moze college of engineering,genba sopanrao moze college of engineering balewadi
Genba Sopanrao Moze College of engeenering  balewadi  pune,genba sopanrao moze college of engineering balewadi
Gs moze balewadi college of engineering,genba sopanrao moze college of engineering balewadi
GS Moze College of engineering,genba sopanrao moze college of engineering balewadi
Genba sopanrao moze college of engineering,genba sopanrao moze college of engineering balewadi
GS Moze College of engineering,genba sopanrao moze college of engineering balewadi
GSMCOE,genba sopanrao moze college of engineering balewadi
G.S.Moze college of engineering,genba sopanrao moze college of engineering balewadi
Genba sopanrav moze collage of engineering balewadi pune,genba sopanrao moze college of engineering balewadi
Genba sopanrao moze college of engineering,genba sopanrao moze college of engineering balewadi
GENBA SOPANRAO MOZE COLLEGE OF ENGINEERING,genba sopanrao moze college of engineering balewadi
Aissms coe,aissms college of engineering pune
Aissms coe,aissms college of engineering pune
AISSMS COE PUNE,aissms college of engineering pune
AISSMSCOE,aissms college of engineering pune
AISSMS COE,aissms college of engineering pune
GSMCOE,genba sopanrao moze college of engineering balewadi
Aissms coe,aissms college of engineering pune
AISSMS PUNE,aissms college of engineering pune
AISSMS COE,aissms college of engineering pune
AISSMS,aissms college of engineering pune
AISSMS COE,aissms college of engineering pune
AISSMS COE PUNE,aissms college of engineering pune
AISSMS College of Engineering Pune,aissms college of engineering pune
AISSMSCOE,aissms college of engineering pune
Genba sopanrao moze college of engineering,genba sopanrao moze college of engineering balewadi
SPPU,aissms college of engineering pune
AISSMS COE,aissms college of engineering pune
AISSMS COE,aissms college of engineering pune
AISSMS COE,aissms college of engineering pune
Aissms coe,aissms college of engineering pune
LNCT&S,lakshmi narayan college of technology and science bhopal
Gs moze college of engineering Balewadi Pune,genba sopanrao moze college of engineering balewadi
GS Moze,genba sopanrao moze college of engineering balewadi
AISSMS-COE,aissms college of engineering pune
Genba Sopanrao Moze college  Balewadi.,genba sopanrao moze college of engineering balewadi
Sppu,aissms college of engineering pune
MATOSHREE COLLEGE OF ENGINEERING AND RESEARCH CENTRE EKLAHARE NASHIK,matoshree college of engineering and research centre nashik
Matoshri College of engineering,matoshree college of engineering and research centre nashik
Matoshri college of engineering and reaserch centre,matoshree college of engineering and research centre nashik
Matoshri College of Engineering and Research Center,matoshree college of engineering and research centre nashik
Matoshri college of engineering and research center Nashik,matoshree college of engineering and research centre nashik
Matoshri college of engineering Nashik,matoshree college of engineering and research centre nashik
Matoshri college of engineering nashik,matoshree college of engineering and research centre nashik
Matoshri college of engineering,matoshree college of engineering and research centre nashik
Matoshri college of engineering and research centre  nashik,matoshree college of engineering and research centre nashik
Matoshri college of engineering and research center Nashik,matoshree college of engineering and research centre nashik
Matoshri college of engineering and research Center,matoshree college of engineering and research centre nashik
Matoshree college of engineering and research centre nashik,matoshree college of engineering and research centre nashik
Matoshri college of engineering and research centre eklahare nashik,matoshree college of engineering and research centre nashik
Matoshri College of engineering and research centre eklahare  nashik,matoshree college of engineering and research centre nashik
Matoshri college of engineering and research centre,matoshree college of engineering and research centre nashik
Matoshri College of Engineering & Research Center,matoshree college of engineering and research centre nashik
Matoshri college of engineering and research Center,matoshree college of engineering and research centre nashik
Matoshri college of engineering and research Center  Nashik.,matoshree college of engineering and research centre nashik
Matoshri college of engineering  nashik,matoshree college of engineering and research centre nashik
Matoshri college of engineering and research centre  eklahare Nashik,matoshree college of engineering and research centre nashik
Matoshri college of engineering Ekalahare,matoshree college of engineering and research centre nashik
Matoshri College of Engineering and Research Center,matoshree college of engineering and research centre nashik
Matoshri college of engineering and research centre  Nashik,matoshree college of engineering and research centre nashik
Matoshree college of engineering and research centre,matoshree college of engineering and research centre nashik
Matoshri college of engineering and research Center nashik,matoshree college of engineering and research centre nashik
Matoshree college of engineering and research centre,matoshree college of engineering and research centre nashik
Matoshree college of engineering and research centre,matoshree college of engineering and research centre nashik
Matoshri college of engineering and research centre nashik,matoshree college of engineering and research centre nashik
Matoshri college of engineering and research centre Nashik,matoshree college of engineering and research centre nashik
Matoshree college of engineering and research centre Nashik,matoshree college of engineering and research centre nashik
Matoshri College of engineering and Research Centre,matoshree college of engineering and research centre nashik
Matoshree college of Engineering Reasearch center nashik,matoshree college of engineering and research centre nashik
Matoshri College of engineering eklahre Nashik,matoshree college of engineering and research centre nashik
MCOERC,aissms college of engineering pune
Matoshree college of engineering and research centre,matoshree college of engineering and research centre nashik
matoshri college of engineering and research centre,matoshree college of engineering and research centre nashik
Matoshri college of engineering nashik,matoshree college of engineering and research centre nashik
Matoshri College of Engineering and research Center Nashik,matoshree college of engineering and research centre nashik
Matoshri college of engineering and research centre Eklahara Nashik Maharashtra,matoshree college of engineering and research centre nashik
Matoshri college of engineering,matoshree college of engineering and research centre nashik
Matoshri College Of Engineering And Research Centre  Nashik,matoshree college of engineering and research centre nashik
MCOERC  nashik,aissms college of engineering pune
Matoshri College of Engineering And Research Centre Eklahare Nashik,matoshree college of engineering and research centre nashik
Matoshri college of engineering and research center eklahre  nashik,matoshree college of engineering and research centre nashik
Matoshri College of Engineering and Research Center  Nashik,matoshree college of engineering and research centre nashik
Matoshri college of Engineering And Research centre Nashik,matoshree college of engineering and research centre nashik
Matoshri college of engineering eklahre and Research Center nashik,matoshree college of engineering and research centre nashik
Matoshri College Engineering and Research Center Nashik,matoshree college of engineering and research centre nashik
Matoshri College of engineering and research center eklahare Nashik,matoshree college of engineering and research centre nashik
Matoshri college of engineering and research center  nashik,matoshree college of engineering and research centre nashik
Matoshri College Of Engineering,matoshree college of engineering and research centre nashik
Matoshri college of engineering nd research centre,matoshree college of engineering and research centre nashik
Matoshri college of engineering and research center nashik,matoshree college of engineering and research centre nashik
Matoshri college of engineering research Center nashik,matoshree college of engineering and research centre nashik
Matoshri college of engineering nashik,matoshree college of engineering and research centre nashik
Matoshri college of engineering and Research Center  Nashik,matoshree college of engineering and research centre nashik
Savitribai Phule Pune University,aissms college of engineering pune
Mathoshri college of engineering and research centre Nashik,matoshree college of engineering and research centre nashik
Matoshri college of engineering and research centre Nashik,matoshree college of engineering and research centre nashik
Matoshri college of engineering and research centre,matoshree college of engineering and research centre nashik
Matoshri College of Engineering Nashik,matoshree college of engineering and research centre nashik
Matoshri college of engineering and research centre,matoshree college of engineering and research centre nashik
Matoshri college of engineering and research center,matoshree college of engineering and research centre nashik
Matoshri college of engineering,matoshree college of engineering and research centre nashik
Matoshri college of engineering and research centre,matoshree college of engineering and research centre nashik
Matoshri college of engineering and research center  nashik.,matoshree college of engineering and research centre nashik
Matoshri college of engineering and research center,matoshree college of engineering and research centre nashik
Matoshri college of engineering and research centre ekalahare,matoshree college of engineering and research centre nashik
Matoshri college of engineering and research Center,matoshree college of engineering and research centre nashik
Matoshri college of engineering and research centre nashik,matoshree college of engineering and research centre nashik
Matoshri College of engineering and research centre Eklahare Nashik,matoshree college of engineering and research centre nashik
Matoshri college of engineering and research centre yekvira Nashik,matoshree college of engineering and research centre nashik
Matoshri college of engineering and research centre eklahre,matoshree college of engineering and research centre nashik
Matoshri College of Engineering And Research Center Nashik,matoshree college of engineering and research centre nashik
Matoshri College Of engineering and research centre,matoshree college of engineering and research centre nashik
matoshri college of engineering and research center,matoshree college of engineering and research centre nashik
Matoshri college of engineering and research centre,matoshree college of engineering and research centre nashik
MCOERC,aissms college of engineering pune
Matoshri College of Engineering  Nashik,matoshree college of engineering and research centre nashik
Matoshri College of Engineering & Research Center,matoshree college of engineering and research centre nashik
MCOERC Nashik,aissms college of engineering pune
Savitri Bai Phule Pune University,aissms college of engineering pune
Matoshri College of engineering and research centre nashik,matoshree college of engineering and research centre nashik
Matoshri college of engineering and research Center,matoshree college of engineering and research centre nashik
Matoshri college of engineering and research centre nashik,matoshree college of engineering and research centre nashik
Matoshri college of Engineering and Research center,matoshree college of engineering and research centre nashik
Matoshri College of Engineering and Research Centre Nashik,matoshree college of engineering and research centre nashik
Matoshree collage of Engineering research centre Nashik,matoshree college of engineering and research centre nashik
Pune,aissms college of engineering pune
Matoshri College of engineering college Eklahare   Nashik,matoshree college of engineering and research centre nashik
Matoshri College of Engineering and Research Centre Nashik,matoshree college of engineering and research centre nashik
Matoshri college of engineering and research centre Nashik,matoshree college of engineering and research centre nashik
Matoshri college of engineering and research centre nashik,matoshree college of engineering and research centre nashik
Matoshri college of engineering,matoshree college of engineering and research centre nashik
Matoshri college of Engineering and Research Center Odha  Nashik,matoshree college of engineering and research centre nashik
Matoshri college of engineering and research center,matoshree college of engineering and research centre nashik
Matoshri college of engineering  nashik,matoshree college of engineering and research centre nashik
Matoshri college of engineering,matoshree college of engineering and research centre nashik
Matoshri College of Engineering Nashik,matoshree college of engineering and research centre nashik
Matoshri College of Engineering And Research Centre,matoshree college of engineering and research centre nashik
Matoshri College of engineering and research centre Nashik,matoshree college of engineering and research centre nashik
Mathoshri college of engineering nashik,matoshree college of engineering and research centre nashik
Gs Moze college of engineering balewadi pune,genba sopanrao moze college of engineering balewadi
Matoshree College of engineering and research centre Nashik please speak by your regis,matoshree college of engineering and research centre nashik
AISSMS IOIT,aissms institute of information technology pune
AISSMS IOIT,aissms institute of information technology pune
Aissms ioit pune,aissms institute of information technology pune
AISSMS IOIT,aissms institute of information technology pune
AISSMS-IOIT,aissms institute of information technology pune
Aissms ioit,aissms institute of information technology pune
AISSMS IOIT,aissms institute of information technology pune
AISSMS IOIT,aissms institute of information technology pune
AISSMS IOIT Pune,aissms institute of information technology pune
AISSMS IOIT,aissms institute of information technology pune
AISSMS Institute of Information Technology,aissms college of engineering pune
Aissms Ioit,aissms institute of information technology pune
Aissms ioit,aissms institute of information technology pune
AISSMS IOIT,aissms institute of information technology pune
AISSMS IOIT  Pune,aissms institute of information technology pune
Aissms IOIT,aissms institute of information technology pune
AISSMS IOIT,aissms institute of information technology pune
AISSMS IOIT,aissms institute of information technology pune
AISSMS IOIT,aissms institute of information technology pune
AISSMS Institute of Information Technology,aissms college of engineering pune
Aissms ioit,aissms institute of information technology pune
AISSMS INSTITUTE OF INFORMATION TECHNOLOGY  PUNE,aissms college of engineering pune
AISSMS IOIT,aissms institute of information technology pune
Aissms ioit,aissms institute of information technology pune
AISSMS IOIT,aissms institute of information technology pune
Aissms,aissms college of engineering pune
AISSMS IOIT,aissms institute of information technology pune
AISSMS IOIT,aissms institute of information technology pune
AISSMS IOIT,aissms institute of information technology pune
AISSMS-IOIT,aissms institute of information technology pune
AISSMS IOIT,aissms institute of information technology pune
AISSMS IOIT,aissms institute of information technology pune
AISSMS Institute of Information Technology,aissms college of engineering pune
AISSMS INSTITUTE OF INFORMATION TECHNOLOGY,aissms college of engineering pune
AISSMS IOIT,aissms institute of information technology pune
Aissms IOIT,aissms institute of information technology pune
AISSMS IOIT PUNE,aissms institute of information technology pune
Aissms ioit,aissms institute of information technology pune
LAKSHMI NARAIN COLLEGE OF TECHNOLOGY AND SCIENCE,lakshmi narayan college of technology and science bhopal
LNCTS,lakshmi narayan college of technology and science bhopal
Aissm ioit,aissms institute of information technology pune
Lncts,lakshmi narayan college of technology and science bhopal
Aissms Ioit,aissms institute of information technology pune
Lncts,lakshmi narayan college of technology and science bhopal
Lnct-s,lakshmi narayan college of technology and science bhopal
LNCT - SCIENCE,lakshmi narayan college of technology and science bhopal
lnct,lakshmi narayan college of technology and science bhopal
LNCTS  Bhopal,lakshmi narayan college of technology and science bhopal
Lakshmi Narayan College of Technology and Science,lakshmi narayan college of technology and science bhopal
Lnct,lakshmi narayan college of technology and science bhopal
Lakshmi Narain College of technology bhopal,lakshmi narayan college of technology and science bhopal
Lakshmi Narain college of technology and science bhopal,lakshmi narayan college of technology and science bhopal
Lakshmi Narain College of technology & Science,lakshmi narayan college of technology and science bhopal
AISSMS IOIT PUNE,aissms institute of information technology pune
AISSMS IOIT,aissms institute of information technology pune
LNCT,lakshmi narayan college of technology and science bhopal
AISSMS IOIT,aissms institute of information technology pune
Aissms Ioit,aissms institute of information technology pune
AISSMS IOIT,aissms institute of information technology pune
AISSMS IOIT PUNE,aissms institute of information technology pune
AISSMS IOIT,aissms institute of information technology pune
AISSMS Institute of information technology,aissms college of engineering pune
AISSMS IOIT,aissms institute of information technology pune
AISSMS IOIT  Pune,aissms institute of information technology pune
B,aissms college of engineering pune
Aissms ioit,aissms institute of information technology pune
Aissms ioit,aissms institute of information technology pune
AISSMS IOIT Pune,aissms institute of information technology pune
AISSMS ioit,aissms institute of information technology pune
LNCTS,lakshmi narayan college of technology and science bhopal
AISSMS IOIT,aissms institute of information technology pune
AISSMS IOIT,aissms institute of information technology pune
AISSMS IOIT,aissms institute of information technology pune
Lakshmi narain college of technology and science,lakshmi narayan college of technology and science bhopal
AISSMS INSTITUTE OF INFORMATION TECHNOLOGY,aissms college of engineering pune
Aissms ioit,aissms institute of information technology pune
AISSMS Institute of Information Technology  Pune,aissms college of engineering pune
Aissms ioit,aissms institute of information technology pune
AISSMS IOIT,aissms institute of information technology pune
Aissms ioit,aissms institute of information technology pune
Aissms ioit,aissms institute of information technology pune
AISSMS IOIT PUNE,aissms institute of information technology pune
AISSMS IOIT  Pune,aissms institute of information technology pune
AISSMS IOIT,aissms institute of information technology pune
AISSMS Institute of information Technology,aissms college of engineering pune
AISSMS IOIT Pune,aissms institute of information technology pune
AISSMS IOIT,aissms institute of information technology pune
LNCTS,lakshmi narayan college of technology and science bhopal
AISSMS IOIT,aissms institute of information technology pune
AISSMS IOUT,aissms college of engineering pune
AISSMS IOIT,aissms institute of information technology pune
AISSM IOIT,aissms institute of information technology pune
AISSMS Institute of information technology,aissms college of engineering pune
AISSMS IOIT,aissms institute of information technology pune
Aissms institute of information technology  Pune,aissms college of engineering pune
AISSMS Institute of Information Technology,aissms college of engineering pune
AISSMS IOIT,aissms institute of information technology pune
AISSMS IOIT   Pune,aissms institute of information technology pune
AISSMS IOIT,aissms institute of information technology pune
AISSMS IOIT,aissms institute of information technology pune
Lakshmi Narain college of Technology & Science,lakshmi narayan college of technology and science bhopal
Lnct s bhopal,lakshmi narayan college of technology and science bhopal
AISSMS IOIT Pune,aissms institute of information technology pune
AISSMS IOIT,aissms institute of information technology pune
All India shri shivaji memorial society,aissms college of engineering pune
LNCTS,lakshmi narayan college of technology and science bhopal
LNCTS,lakshmi narayan college of technology and science bhopal
Aissms ioit,aissms institute of information technology pune
AISSMS INSTITUTE OF INFORMATION TECHNOLOGY,aissms college of engineering pune
AISSMS IOIT,aissms institute of information technology pune
AISSMS IOIT,aissms institute of information technology pune
All India Shri Shivaji Memorial Society's Institute of Information Technology,aissms college of engineering pune
AISSMS IOIT  Pune,aissms institute of information technology pune
AISSMS IOIT,aissms institute of information technology pune
AISSMS IOIT,aissms institute of information technology pune
AISSMS Institute of Information Technology Pune,aissms college of engineering pune
AISSMS Institute of Information Technology,aissms college of engineering pune
AISSMS Institute of Information Technology Pune,aissms college of engineering pune
AISSMS IOIT PUNE,aissms institute of information technology pune
AISSMS IOIT,aissms institute of information technology pune
AISSMS IOIT,aissms institute of information technology pune
Aissms ioit,aissms institute of information technology pune
AISSMS IOIT  PUNE,aissms institute of information technology pune
AISSMS IOIT,aissms institute of information technology pune
AISSMS IOIT,aissms institute of information technology pune
AISSMS IOIT  PUNE,aissms institute of information technology pune
All india shri shivaji memorial society institute of information technology,aissms college of engineering pune
AISSMS IOIT,aissms institute of information technology pune
AISSMS IOIT,aissms institute of information technology pune
AISSMS Institute of Information Technology,aissms college of engineering pune
Aissms Ioit,aissms institute of information technology pune
Aissms Ioit,aissms institute of information technology pune
LNCT&S,lakshmi narayan college of technology and science bhopal
AISSMS Institute of Information Technology,aissms college of engineering pune
Aissms ioit,aissms institute of information technology pune
AISSMS IOIT  Pune,aissms institute of information technology pune
Aissms,aissms college of engineering pune
degaonkarrohit1307@gmail.com,aissms college of engineering pune
AISSMS IOIT  PUNE,aissms institute of information technology pune
AISSMS IOIT,aissms institute of information technology pune
AISSMS,aissms college of engineering pune
AISSMS IOIT,aissms institute of information technology pune
AISSMS IOIT PUNE,aissms institute of information technology pune
AISSMS IOIT,aissms institute of information technology pune
Aissms ioit,aissms institute of information technology pune
Aissms ioit,aissms institute of information technology pune
Aissms ioit,aissms institute of information technology pune
AISSMS IOIT PUNE,aissms institute of information technology pune
AISSMS IOIT,aissms institute of information technology pune
lakshmi narain college of technology & science    bhopal,lakshmi narayan college of technology and science bhopal
LNCT&S,lakshmi narayan college of technology and science bhopal
LNCTS,lakshmi narayan college of technology and science bhopal
LNCTS,lakshmi narayan college of technology and science bhopal
LNCTS,lakshmi narayan college of technology and science bhopal
Lakshmi narain college of technology and science,lakshmi narayan college of technology and science bhopal
LNCTS,lakshmi narayan college of technology and science bhopal
Lnct s,lakshmi narayan college of technology and science bhopal
LNCT&S,lakshmi narayan college of technology and science bhopal
LNCT&S,lakshmi narayan college of technology and science bhopal
LNCTS,lakshmi narayan college of technology and science bhopal
LNCT&S  Bhopal,lakshmi narayan college of technology and science bhopal
Laxmi Narayan College of Technology & Science,lakshmi narayan college of technology and science bhopal
LNCTS bhopal,lakshmi narayan college of technology and science bhopal
Laxmi Narayan College of Technology & Science  Bhopal,lakshmi narayan college of technology and science bhopal
AISSMS IOIT PUNE,aissms institute of information technology pune
Lnct&S,lakshmi narayan college of technology and science bhopal
LNCTS,lakshmi narayan college of technology and science bhopal
LNCTS,lakshmi narayan college of technology and science bhopal
LNCT&S,lakshmi narayan college of technology and science bhopal
LNCT&S,lakshmi narayan college of technology and science bhopal
Lnct&s,lakshmi narayan college of technology and science bhopal
lncts,lakshmi narayan college of technology and science bhopal
Lncts,lakshmi narayan college of technology and science bhopal
Lakshmi Narayan College of Technology and Science,lakshmi narayan college of technology and science bhopal
Lnct,lakshmi narayan college of technology and science bhopal
